age,gender,country,daily_usage_hours,primary_platform,num_platforms_used,purpose,avg_session_minutes,night_usage,mental_health_score,addiction_level,screen_time_before_sleep
19,Male,Australia,2.658617259,Snapchat,4,Education,29.22244298,0,6.705829999,Medium,15.77944347
16,Female,USA,5.685386778,Twitter,3,Socializing,32.46472622,1,6.633111263,High,47.71486422
25,Female,India,2.782420038,TikTok,2,Socializing,18.17020404,1,6.035396589,Medium,62.52462541
27,Male,India,3.48659775,YouTube,4,Education,22.49380387,1,8.110861424,Medium,31.93510151
23,Female,India,3.748828747,TikTok,1,Entertainment,27.35840959,1,6.658597684,Medium,29.46604555
20,Other,Brazil,2.932247517,TikTok,1,Entertainment,37.43427434,1,7.138047674,Medium,55.17785252
25,Male,Germany,5.241584406,TikTok,1,Entertainment,31.17936934,1,6.515973662,High,71.66731969
17,Female,India,2.241011821,YouTube,1,News,21.71556072,0,9.314943947,Low,12.33711303
19,Female,Brazil,2.782066524,Twitter,2,Socializing,27.5803137,1,6.301466367,Medium,43.30603518
22,Male,Canada,3.590679693,Instagram,1,Education,5,0,6.682149605,Medium,42.87857615
15,Female,USA,1.737295533,Twitter,2,Entertainment,7.056339405,1,8.164422855,Low,30.65172856
19,Male,India,3.299171768,YouTube,2,Education,5,1,7.908754584,Medium,8.577942284
23,Female,USA,6.207281179,Instagram,1,Socializing,11.24666897,1,5.636535192,High,53.82388681
23,Female,Australia,3.738387078,TikTok,1,News,24.20959913,1,6.306261011,Medium,43.97591486
20,Male,India,5.16091128,Instagram,5,Education,20.28738208,1,4.560262759,High,7.18431922
17,Male,UK,4.372430113,YouTube,1,Entertainment,28.61474182,0,7.235105368,Medium,0
16,Male,Australia,5.332597815,TikTok,1,Entertainment,13.04561193,1,6.107393294,High,49.82979683
20,Male,USA,3.732022754,Twitter,3,Socializing,20.43520572,1,6.312866659,Medium,0.187994608
20,Male,USA,3.900738474,Snapchat,2,Entertainment,14.39786685,1,8.591728859,Medium,15.4671844
15,Female,USA,4.887226432,Instagram,2,Education,31.86209928,1,6.478297083,Medium,21.90549624
18,Female,Australia,2.500647502,YouTube,3,Entertainment,29.22192858,0,8.999890525,Medium,39.64021777
17,Male,UK,5.119454724,YouTube,1,Entertainment,14.77032381,1,6.18912563,High,49.59523661
14,Male,Canada,3.691514848,Snapchat,4,Entertainment,21.37103954,0,6.255301701,Medium,24.05706109
20,Male,India,1.940667189,Instagram,5,Education,11.65798011,1,7.520899983,Low,53.68192563
24,Male,USA,2.667399259,YouTube,5,Socializing,38.0456572,1,6.7369066,Medium,22.90870922
26,Male,Australia,5.595739245,Instagram,3,Entertainment,40.18771721,1,4.334976953,High,52.90928171
18,Male,Brazil,1.203082069,Instagram,4,Entertainment,37.3003534,0,8.929309498,Low,46.67446787
14,Female,Germany,4.610501809,YouTube,5,Socializing,42.78443911,0,6.717749588,Medium,26.55514961
24,Female,India,5.857314346,TikTok,3,Entertainment,29.02759313,1,6.052501819,High,62.53922529
17,Male,Germany,3.329309953,YouTube,5,Entertainment,23.84511973,1,7.442299015,Medium,42.94161005
13,Female,India,1.929588806,Snapchat,4,Socializing,30.90001961,1,9.586553879,Low,32.19145303
24,Female,USA,3.916086868,Instagram,4,Socializing,17.29264804,1,7.330315845,Medium,64.93647604
22,Male,USA,1.329448081,YouTube,3,News,38.07783071,1,7.904058383,Low,58.32840183
18,Female,India,3.465842904,Twitter,2,Socializing,23.23040289,1,9.069632038,Medium,9.555485696
25,Female,India,6.420077735,YouTube,3,Education,18.51852239,1,4.206716518,High,19.69534557
24,Male,India,2.749233841,Instagram,3,Entertainment,37.99023118,1,8.870852904,Medium,52.76439413
21,Other,Brazil,5.192476271,TikTok,2,Entertainment,14.62362959,1,6.645595011,High,40.80216012
13,Female,India,0.868353378,Instagram,5,News,21.31450051,1,8.968320805,Low,64.17618259
23,Other,UK,4.964258965,Instagram,5,Content Creation,21.71153346,1,7.752390901,Medium,45.15350658
23,Male,UK,5.652472795,TikTok,2,News,23.61447216,0,5.37529581,High,47.84561395
27,Male,USA,2.93957837,Snapchat,1,Socializing,32.16667037,0,6.279911727,Medium,12.29167173
22,Female,Brazil,1.314575564,Instagram,5,Socializing,26.66189451,1,9.904731652,Low,42.47999434
24,Female,UK,5.722523619,TikTok,4,News,31.69675452,1,6.088939454,High,22.20144776
24,Female,Canada,3.865372417,Instagram,3,Education,13.0204665,0,5.229807491,Medium,33.43848545
27,Male,UK,4.672093408,YouTube,1,Entertainment,27.31017419,0,7.07534937,Medium,55.76120847
26,Female,India,2.623597335,Instagram,3,News,16.0046237,1,8.305770318,Medium,46.7221679
26,Female,Germany,6.492653478,Instagram,5,Entertainment,19.86267403,1,5.423016386,High,18.30497704
27,Male,Germany,3.293959877,Snapchat,3,Education,34.95615448,0,6.644726594,Medium,16.04244492
26,Female,India,3.650675613,Instagram,2,Entertainment,25.1515998,1,8.238180621,Medium,49.49855255
15,Male,India,3.20101788,YouTube,5,Education,24.15228611,0,7.374142097,Medium,0
24,Male,Germany,0.5,Twitter,5,Socializing,27.23028452,1,10,Low,30.19956408
19,Female,Brazil,4.672998145,TikTok,2,Socializing,23.98152077,1,6.328905745,Medium,18.60146803
16,Male,Canada,4.241777098,TikTok,4,Education,26.86393241,0,6.811187173,Medium,4.322689588
21,Male,Canada,4.078170614,TikTok,4,Socializing,34.53034808,0,7.579700661,Medium,57.33128231
15,Female,India,4.724910996,Instagram,2,Socializing,33.23668615,1,4.776770004,Medium,32.82629993
17,Female,India,6.017242248,TikTok,5,Entertainment,15.31859695,1,5.086233926,High,14.48865848
15,Male,USA,2.845691325,Instagram,1,Entertainment,23.34219103,1,7.182624812,Medium,44.58656657
19,Male,Australia,5.160553059,Instagram,1,Socializing,23.98197801,1,5.598770355,High,46.99603456
17,Male,USA,4.176838666,Twitter,3,Education,39.26746503,0,6.407683805,Medium,51.39385509
21,Female,UK,3.788661757,Twitter,3,Socializing,35.29466777,0,6.487423717,Medium,1.162627961
19,Male,Australia,3.109414554,Instagram,2,Socializing,24.92617629,0,8.799867265,Medium,33.30933848
14,Female,USA,3.49006611,TikTok,1,Education,18.03514117,1,7.913993682,Medium,55.48544569
16,Male,India,6.404592063,Snapchat,2,Entertainment,21.42360597,1,6.573127385,High,26.76735409
21,Other,India,4.326261846,TikTok,2,News,56.50542183,0,5.444724895,Medium,26.08371525
24,Male,India,2.767642727,YouTube,3,Socializing,25.1320954,1,7.6333953,Medium,54.01709309
26,Male,Brazil,5.533080944,YouTube,2,Education,20.05784586,0,6.218250785,High,9.387948454
14,Other,India,0.5,Snapchat,3,News,28.69666179,1,9.832281322,Low,23.61226277
22,Male,Germany,4.315482085,Snapchat,4,News,41.04990315,1,7.175767027,Medium,43.03722741
21,Female,India,3.552486441,Instagram,5,Education,35.57763647,1,6.193216551,Medium,6.246734144
22,Male,Canada,5.469331077,Instagram,3,Entertainment,31.02460482,1,4.763120262,High,41.51050587
17,Female,India,2.015849439,Snapchat,2,Entertainment,21.21655029,0,8.288790501,Low,85.41779024
14,Male,India,4.9172755,YouTube,2,Entertainment,45.20645321,1,6.171164892,Medium,73.78869766
16,Male,India,4.846354022,YouTube,2,Socializing,22.75870784,0,7.318031599,Medium,30.66981447
24,Male,USA,2.276632384,YouTube,5,Entertainment,29.18150144,1,8.377530951,Low,31.09385612
27,Female,India,1.740347993,Instagram,3,Entertainment,18.11080602,0,8.933352513,Low,60.48282979
24,Female,Canada,5.164350301,Instagram,5,Entertainment,22.99186984,1,6.032299294,High,22.18507509
19,Other,USA,2.326597083,Instagram,2,Entertainment,20.79502318,1,8.290121083,Low,42.23392826
24,Female,USA,4.551236963,TikTok,3,Content Creation,15.60329245,1,4.907529067,Medium,7.990499789
25,Male,India,3.205975423,YouTube,3,Socializing,15.04490708,1,7.596900291,Medium,31.89076779
20,Female,UK,3.074761081,Snapchat,4,Entertainment,16.41791427,0,7.965904458,Medium,44.69973309
27,Male,Brazil,1.5346658,TikTok,3,Education,5,1,7.841561149,Low,27.40169936
15,Male,India,5.577580598,YouTube,3,Entertainment,29.36688199,1,6.424822371,High,40.11794422
26,Male,USA,2.610683148,TikTok,2,Entertainment,5,1,8.827306027,Medium,42.14922236
13,Female,UK,6.083947808,Instagram,3,News,21.25067687,1,6.10320048,High,4.390302484
16,Female,USA,4.008622053,Instagram,2,Socializing,28.61873149,1,6.139239684,Medium,38.47222879
14,Male,UK,3.618901378,Twitter,2,News,8.424865572,0,7.262340906,Medium,45.01197911
20,Female,Canada,1.696113603,Snapchat,1,Entertainment,14.49830851,0,8.021143471,Low,49.18940704
16,Male,India,3.637444384,YouTube,1,Entertainment,36.08413783,0,7.569831375,Medium,44.81504492
14,Female,Australia,3.082702841,Twitter,4,Entertainment,20.99830394,0,9.044669205,Medium,20.47859909
26,Female,UK,3.513722356,Instagram,1,Socializing,39.29977078,0,5.585721738,Medium,23.61915686
18,Male,Brazil,5.988181731,YouTube,5,News,14.57313281,1,5.701536412,High,43.31162752
18,Female,USA,3.345343891,Twitter,2,Socializing,36.12308383,0,8.21534643,Medium,20.63527216
22,Male,Canada,2.498733889,Snapchat,2,Entertainment,35.84645383,0,10,Low,36.59808369
16,Female,Germany,1.861197097,Twitter,2,Education,19.92787048,1,8.725709383,Low,47.33604556
18,Male,India,2.765513898,YouTube,4,Socializing,22.36956594,1,6.26503448,Medium,43.09633854
25,Female,UK,3.498749875,Snapchat,2,Socializing,33.60786172,0,6.750562076,Medium,38.84584821
27,Male,Brazil,3.149777163,Snapchat,2,Socializing,35.3106786,1,7.447725984,Medium,39.95843427
14,Male,USA,3.264887839,YouTube,3,Socializing,30.18458408,0,8.1913009,Medium,63.1535276
22,Male,UK,1.780025791,Twitter,2,Socializing,19.42763114,1,8.801023578,Low,22.70768776
24,Female,USA,6.809840235,YouTube,4,Socializing,40.29160415,0,3.808422122,High,14.21684418
14,Male,Brazil,3.234469199,Instagram,1,Socializing,17.80942921,0,7.427718274,Medium,53.62529898
22,Female,India,3.849498857,Instagram,4,Socializing,36.78167766,1,8.167323448,Medium,47.79947915
26,Other,USA,3.579246403,YouTube,2,Content Creation,27.87111758,1,4.957756416,Medium,45.00490563
16,Female,USA,0.996164293,TikTok,2,Socializing,19.97724473,1,9.61375521,Low,45.35297621
26,Female,Australia,2.337692701,YouTube,1,Education,30.33428111,1,7.019956633,Low,42.22940783
27,Male,Germany,4.84020448,TikTok,2,Entertainment,16.5013764,1,7.674655948,Medium,54.52471616
27,Female,India,3.10483295,YouTube,3,Entertainment,19.29650204,0,6.173547789,Medium,64.27027187
20,Male,India,0.681191334,YouTube,3,News,30.66078467,0,9.327446094,Low,56.09423348
26,Female,India,4.804835836,TikTok,5,Education,19.92933248,1,5.028116226,Medium,27.8224254
19,Male,Brazil,3.769068776,Twitter,2,Content Creation,19.64889591,1,6.691152021,Medium,58.4160341
24,Female,USA,1.219320046,Instagram,4,Entertainment,42.18911244,1,7.789987365,Low,74.93635979
21,Male,India,5.442189591,Instagram,4,Content Creation,39.81822142,1,6.257881286,High,62.18143953
26,Male,USA,2.042694737,YouTube,5,Entertainment,25.32294238,1,8.385304004,Low,51.47824665
20,Female,Germany,3.943617642,YouTube,4,Socializing,19.48176552,1,6.824384667,Medium,78.89551425
17,Female,Germany,1.152076638,YouTube,4,News,17.2959188,0,7.737960012,Low,31.86484186
25,Male,Germany,4.673236095,Snapchat,3,News,25.2752412,1,7.96143352,Medium,17.34491438
14,Male,UK,5.332776873,YouTube,5,Entertainment,39.07245026,1,4.940577377,High,22.7159991
27,Male,Germany,4.802578569,Instagram,2,Entertainment,25.55782839,1,7.535962475,Medium,76.92586717
17,Female,Germany,4.314792212,TikTok,2,Socializing,12.72202919,1,5.976745541,Medium,38.83187343
20,Female,Canada,4.02986907,Instagram,3,Entertainment,27.35542474,1,8.125031236,Medium,30.91753674
22,Female,India,6.068451417,TikTok,3,Entertainment,21.89295483,0,7.429203602,High,58.77030771
21,Female,UK,2.549489269,Instagram,5,Content Creation,27.06123766,1,8.285198064,Medium,57.24042564
24,Female,USA,2.782459078,Twitter,5,Entertainment,25.12829581,0,9.191036531,Medium,40.91792907
24,Female,UK,2.429527027,TikTok,2,Entertainment,19.50163239,1,7.003912606,Low,74.63200931
24,Female,India,2.681786539,YouTube,5,Entertainment,50.68904769,1,7.957910241,Medium,107.3806341
25,Male,India,3.54144827,YouTube,5,News,35.62073576,1,6.807979372,Medium,63.33675557
21,Female,Brazil,1.943180531,Instagram,2,Entertainment,5,1,8.618060346,Low,29.90078701
25,Male,UK,2.695598984,Instagram,1,Socializing,21.22550702,1,6.964469476,Medium,13.27455245
27,Female,Australia,4.00133639,YouTube,4,Socializing,21.10483046,1,6.635844276,Medium,31.82257396
25,Female,UK,1.632912202,Instagram,2,Entertainment,27.63769511,0,8.717115811,Low,20.02853807
13,Male,India,5.208383052,YouTube,3,Socializing,30.14626212,1,5.169806214,High,53.2209633
21,Male,UK,3.350090246,YouTube,2,Socializing,33.87424599,1,7.755130583,Medium,32.9194613
19,Male,Brazil,2.706358281,TikTok,1,Entertainment,19.58570629,1,6.243685705,Medium,13.75127734
21,Male,UK,3.270035973,Instagram,3,Entertainment,26.14283764,0,8.413596454,Medium,40.57771391
20,Male,India,3.798820598,Instagram,4,Entertainment,19.0534778,1,4.536752472,Medium,7.762841872
13,Male,India,2.584247456,TikTok,3,Entertainment,28.17793533,0,9.282450803,Medium,26.19004397
24,Male,USA,7.113298124,Twitter,5,Education,23.19895022,1,2.984530572,High,47.8367962
20,Male,Brazil,4.25405076,Snapchat,5,Entertainment,22.81557678,0,6.873715215,Medium,20.29793714
20,Male,Australia,2.806736029,YouTube,2,Education,30.08510923,1,6.890803535,Medium,32.85136152
27,Male,India,3.486969144,Snapchat,2,Entertainment,18.24534736,1,7.695067905,Medium,23.66914985
23,Male,Australia,0.56627326,TikTok,2,Socializing,32.35952279,1,9.671459056,Low,43.6058254
15,Female,Brazil,2.272079233,Instagram,4,Entertainment,31.90431291,1,7.976839406,Low,28.6470421
13,Female,USA,4.683081452,Instagram,2,Entertainment,23.952709,0,5.160415115,Medium,51.53838815
20,Male,India,3.314722005,Snapchat,2,Socializing,16.09231377,0,9.37707414,Medium,67.4442203
15,Male,UK,3.215739691,YouTube,4,Entertainment,29.73377403,1,6.820563083,Medium,60.84953263
15,Male,USA,2.971980689,Instagram,4,Socializing,7.656841038,1,8.593660707,Medium,6.798814502
13,Female,Brazil,3.381127997,Instagram,5,Education,21.55937326,0,9.259996559,Medium,28.43195685
23,Male,USA,6.530670502,TikTok,4,Entertainment,32.35610943,1,5.436313185,High,100.0331567
17,Female,USA,6.371314414,TikTok,2,Entertainment,41.22708501,1,5.372500815,High,58.59527321
22,Male,India,2.875251347,Instagram,1,News,26.07197653,0,9.239294781,Medium,19.10940077
19,Male,USA,4.699357255,Instagram,3,Socializing,30.39009748,1,6.074884622,Medium,20.25011571
22,Male,India,2.821984403,Instagram,5,Entertainment,16.42122028,1,8.231822166,Medium,33.74871334
21,Female,India,5.656200959,Instagram,5,Education,37.51893377,1,4.547810896,High,54.71550056
24,Female,Brazil,5.548199562,TikTok,2,Entertainment,42.48617069,1,4.999110997,High,24.61356978
19,Male,Canada,1.496195601,TikTok,1,Education,12.41616098,1,8.649448887,Low,34.04328783
21,Male,USA,4.732820717,TikTok,1,Entertainment,21.20716878,0,5.828741664,Medium,39.44069202
20,Male,Brazil,2.751495142,YouTube,4,Entertainment,39.96766971,1,7.964057384,Medium,71.37895648
24,Male,India,3.956075949,Snapchat,5,Entertainment,19.8770386,1,5.869019136,Medium,26.06003485
14,Male,UK,1.153323821,TikTok,1,News,24.20262452,1,9.260323346,Low,58.53398085
13,Male,India,3.135481254,Snapchat,1,Socializing,16.43615442,0,6.662155056,Medium,17.62692387
19,Female,USA,1.81847666,Instagram,5,News,51.30292583,1,9.327690583,Low,45.91163834
19,Female,Canada,3.590268035,TikTok,2,Education,16.77010394,0,5.28306219,Medium,42.40818336
26,Female,USA,2.479510458,Instagram,5,Entertainment,15.74644666,0,7.313862636,Low,37.45181472
20,Female,Australia,4.215642054,Instagram,2,Socializing,12.68699236,1,5.0152782,Medium,4.577960184
17,Male,Canada,2.55670799,TikTok,3,News,25.86933251,0,7.863827134,Medium,34.13198797
15,Male,USA,0.5,Instagram,3,Education,45.31731195,0,10,Low,42.71211623
24,Female,India,4.848467436,Instagram,2,Socializing,10.12412591,0,5.144573724,Medium,7.279539732
20,Female,Brazil,2.156718737,Instagram,2,Education,16.69356731,1,8.511052584,Low,52.98328094
18,Female,India,2.951357338,Snapchat,2,News,20.24349846,0,6.924446871,Medium,39.53479169
23,Female,India,3.51449963,YouTube,5,Entertainment,20.3516,0,7.531944674,Medium,52.53855859
15,Female,USA,3.224332151,Snapchat,2,Socializing,25.16704656,0,8.741917058,Medium,55.70759757
13,Male,USA,3.821218614,TikTok,5,Socializing,16.38784622,1,6.355526964,Medium,33.6317259
15,Male,USA,4.07879111,Instagram,4,Education,22.6787866,0,6.515556649,Medium,48.04455631
17,Other,USA,3.878685835,Instagram,3,Entertainment,14.73012104,1,8.585640193,Medium,30.97251575
27,Female,UK,4.521048107,Instagram,5,Entertainment,24.58051372,0,7.273266655,Medium,27.43794585
26,Female,India,2.935718664,YouTube,2,Entertainment,26.25537004,1,8.296473956,Medium,50.34053255
15,Female,India,4.590449936,TikTok,5,News,27.5114802,1,5.61822115,Medium,45.20733636
13,Female,India,3.843918949,YouTube,2,Content Creation,20.48538667,0,7.904857353,Medium,82.61542776
17,Male,Canada,3.636157662,Snapchat,3,Entertainment,44.09281139,1,7.070406632,Medium,37.33171452
22,Male,UK,3.964688608,TikTok,3,Entertainment,22.26766481,1,8.106711737,Medium,68.31267997
19,Male,India,3.483433239,Instagram,3,Education,21.38106014,0,6.032180865,Medium,67.76397315
27,Male,USA,2.524087019,Snapchat,2,Entertainment,22.87416359,1,7.986199454,Medium,43.19031787
26,Male,Canada,4.015872655,TikTok,1,Education,48.42773775,0,6.065514458,Medium,10.27257261
19,Female,Germany,1.630531518,TikTok,3,Content Creation,33.4732468,1,8.784607196,Low,48.64052686
23,Female,USA,1.716454909,YouTube,2,Entertainment,15.45171466,1,10,Low,48.1214922
21,Male,India,3.44738039,TikTok,2,Entertainment,29.94225672,0,7.8684951,Medium,27.07710796
27,Female,Canada,3.257144069,Instagram,5,Socializing,37.50675652,0,7.839962658,Medium,8.225843453
27,Male,India,4.102246197,YouTube,3,Content Creation,13.46475837,1,7.317661971,Medium,12.53666441
22,Female,India,4.119131851,TikTok,3,Entertainment,23.19735154,1,6.434087767,Medium,37.43646051
22,Other,Canada,3.371316976,Instagram,5,Socializing,10.07516195,0,9.371554152,Medium,21.21539474
24,Female,India,5.192943141,Snapchat,3,Entertainment,26.79945947,1,6.363458312,High,35.41298438
25,Female,Brazil,2.669175097,Twitter,5,Education,32.6683998,0,7.1302309,Medium,22.81796342
15,Female,Canada,2.879284118,Instagram,2,Entertainment,5,1,8.261391071,Medium,30.13627723
27,Male,India,2.642326977,Snapchat,2,Entertainment,13.9350623,0,7.721216518,Medium,53.45687009
19,Female,Germany,2.467618101,Twitter,5,Education,39.41393968,1,8.745299292,Low,67.17837912
13,Male,India,4.74470277,TikTok,1,Socializing,38.7752218,1,5.41900738,Medium,50.85446144
16,Male,Brazil,0.779926147,Twitter,4,Socializing,17.56792223,1,10,Low,64.12602664
25,Female,Brazil,0.852931842,Instagram,4,News,31.87208647,1,9.414371271,Low,56.87753107
16,Male,India,3.587809398,Instagram,3,Socializing,7.708415175,0,7.645064513,Medium,29.22917517
26,Male,India,6.10411089,TikTok,4,Education,13.01291258,1,6.384736142,High,30.03052227
17,Male,UK,5.429084521,YouTube,3,Socializing,22.54255689,1,6.091202712,High,48.14402094
19,Male,India,3.219160176,Instagram,2,Entertainment,21.85402032,1,7.772649953,Medium,56.59691025
19,Female,India,4.585083887,Snapchat,2,Entertainment,22.70002666,0,5.288404075,Medium,60.92253726
25,Male,Brazil,3.923221896,Instagram,1,Entertainment,36.42930754,1,6.55110897,Medium,40.17208756
27,Male,India,3.523198013,TikTok,1,Education,39.77612161,0,7.015091723,Medium,22.82545822
23,Female,Brazil,5.51637408,YouTube,4,News,34.81111313,1,6.289225278,High,65.57529412
25,Male,India,4.428497545,YouTube,2,News,32.73364434,0,7.772180346,Medium,40.46341689
16,Male,UK,3.047679612,TikTok,2,Entertainment,41.18662282,1,7.220540974,Medium,39.75625906
25,Other,UK,4.040412351,TikTok,2,Socializing,31.18025552,1,5.458755885,Medium,40.02526472
19,Male,Germany,3.892194236,Instagram,3,Socializing,39.73985192,0,6.614713572,Medium,0
23,Male,Germany,4.78218436,YouTube,1,Entertainment,15.10256731,0,5.448483112,Medium,41.45395857
15,Male,India,4.943211555,Snapchat,2,Entertainment,9.385672578,0,6.277082249,Medium,63.94339664
18,Male,UK,3.537720408,TikTok,3,Entertainment,14.21392481,1,7.974208367,Medium,29.58139757
24,Male,Germany,3.336960892,Twitter,2,Education,22.92634249,1,7.663883589,Medium,47.75914201
14,Male,UK,3.688394375,TikTok,5,Entertainment,25.05919322,0,6.013571386,Medium,10.73221994
22,Male,UK,0.897092254,YouTube,1,Socializing,5,1,9.533147847,Low,46.83987149
25,Male,UK,0.991191224,TikTok,5,Entertainment,15.6389582,1,9.756206989,Low,30.84034578
26,Female,India,3.870328813,YouTube,5,Entertainment,53.77411708,1,6.826430733,Medium,43.03289345
21,Male,India,3.761317729,Snapchat,2,Socializing,26.47313771,1,6.379139806,Medium,35.71545729
17,Female,USA,4.632457382,TikTok,3,Entertainment,22.57147507,0,6.860935833,Medium,16.50174614
18,Male,Australia,2.444235889,TikTok,5,Entertainment,26.12863682,0,7.994497394,Low,32.04119425
24,Male,India,6.142082298,Snapchat,1,Socializing,13.64158911,1,3.719144029,High,35.83341734
24,Female,India,2.870822553,TikTok,1,Entertainment,13.12774285,1,6.703690654,Medium,63.32322085
24,Male,Brazil,2.06082606,TikTok,3,Education,15.47179773,0,9.97755632,Low,54.8620885
24,Female,USA,0.5,YouTube,1,Entertainment,24.68299421,0,9.372098617,Low,57.92669195
16,Male,Brazil,2.505662796,YouTube,1,Entertainment,26.59546187,1,8.405899609,Medium,24.71443165
26,Male,UK,1.603503222,YouTube,4,Entertainment,18.93628791,1,9.113077445,Low,44.73497106
26,Female,India,4.299867471,TikTok,5,Socializing,21.68664798,1,6.924077436,Medium,31.90233158
23,Male,Brazil,5.032667447,Instagram,5,Entertainment,34.63882118,1,7.451015986,High,63.15954958
22,Male,Brazil,4.939858822,Snapchat,2,Socializing,10.53774896,1,6.833462033,Medium,20.40971928
19,Female,Canada,3.038289401,Twitter,1,Entertainment,19.75953755,0,5.654589167,Medium,41.2161879
24,Female,India,4.014112743,YouTube,3,Entertainment,35.9674536,0,7.743545514,Medium,49.22475673
21,Male,Brazil,3.669166111,Instagram,3,News,21.08149811,1,6.243621469,Medium,33.88040195
19,Female,Canada,4.781702335,TikTok,2,Entertainment,33.09119298,1,6.13507836,Medium,20.25411566
26,Male,UK,3.838593142,TikTok,5,Socializing,29.10561948,1,6.739118544,Medium,26.78043291
13,Male,USA,1.495471324,TikTok,3,Socializing,37.18232625,1,9.22523303,Low,54.82546578
13,Female,USA,3.569294295,YouTube,1,Entertainment,14.74489371,1,8.525421719,Medium,30.92921232
21,Male,UK,3.689526039,TikTok,3,Socializing,30.66372535,1,7.272184802,Medium,21.78249814
23,Female,Brazil,1.700341584,TikTok,3,Entertainment,25.44063363,0,7.439846574,Low,37.32145759
26,Female,Canada,2.427871928,YouTube,1,News,20.21099841,1,6.958387608,Low,42.94567666
21,Female,India,2.412258395,Twitter,1,Entertainment,19.20355582,1,7.620588008,Low,84.65502422
16,Female,Australia,2.926503261,Instagram,4,Entertainment,19.05719255,1,7.015342485,Medium,8.675785654
25,Male,India,4.493581548,TikTok,5,Content Creation,14.62089454,0,5.841751326,Medium,23.4550258
21,Female,Canada,4.351897756,YouTube,3,News,21.04260637,0,8.104355777,Medium,22.76946695
15,Male,Canada,3.752054981,YouTube,4,Entertainment,15.95421842,0,8.621821845,Medium,27.57302644
19,Male,USA,2.652431402,Instagram,1,News,26.1566249,1,7.643017616,Medium,72.81267904
18,Male,India,4.300105911,Snapchat,1,Entertainment,30.96977628,0,7.795082439,Medium,0
20,Female,USA,2.209558904,TikTok,3,Entertainment,40.13685433,1,6.526851206,Low,27.49092501
23,Male,Brazil,3.355251848,YouTube,1,Education,13.0833568,1,8.469053868,Medium,29.21279891
21,Male,USA,1.349179475,Instagram,1,News,30.8151629,0,7.349460129,Low,15.96841016
26,Female,India,3.817260442,TikTok,4,Socializing,18.49783969,1,8.65856634,Medium,58.9589528
17,Male,India,1.700641669,Twitter,5,Socializing,22.6911529,1,6.353229201,Low,36.32637885
13,Female,Australia,3.86948136,Twitter,4,Entertainment,31.66278304,1,6.713406486,Medium,26.55601117
15,Male,India,2.778037197,TikTok,5,News,25.87009618,1,8.770528239,Medium,57.48522454
22,Other,Germany,3.992433772,TikTok,5,Socializing,31.32304873,1,5.225839934,Medium,81.67951189
24,Male,USA,1.877904278,TikTok,5,Content Creation,28.17571894,0,8.631336125,Low,81.71501235
20,Male,India,2.403963325,TikTok,3,Education,23.7014773,0,8.190389328,Low,46.923314
27,Female,USA,2.01032196,Snapchat,2,Socializing,26.26159518,0,7.577660346,Low,41.47280316
23,Male,UK,1.559865578,YouTube,2,Education,9.559003704,0,9.389955638,Low,30.9928957
18,Female,Australia,4.928977693,TikTok,3,Education,12.86341899,0,7.390584652,Medium,47.04196428
20,Male,India,4.080280661,Instagram,1,Socializing,37.25639963,1,6.142753408,Medium,60.10004673
21,Male,India,1.921404842,Instagram,3,Education,31.01703239,1,8.009505859,Low,104.8499244
16,Male,India,3.75168573,Instagram,2,Entertainment,34.5351701,0,6.31419027,Medium,30.69683458
13,Female,India,2.529006832,Twitter,2,Entertainment,8.037808407,0,8.134174493,Medium,56.91381867
26,Female,India,2.49851781,TikTok,2,Entertainment,28.44631031,1,8.580201706,Low,49.55667322
13,Male,USA,2.907886187,TikTok,1,Socializing,36.2212835,0,6.962250989,Medium,74.28991394
22,Male,India,3.819617454,Instagram,2,Entertainment,21.41005152,0,7.001499382,Medium,47.6359474
16,Male,India,5.006419332,Twitter,3,Education,31.42646047,1,7.671279549,High,72.72235152
24,Female,Germany,2.939083347,TikTok,4,Education,17.80048756,0,8.78697095,Medium,30.78074428
26,Male,India,2.510183568,TikTok,2,News,28.40413868,0,7.934358405,Medium,43.45703338
19,Female,Germany,2.548559588,Snapchat,2,Entertainment,34.58199366,1,9.328012372,Medium,59.61881178
14,Female,Brazil,5.236233551,Instagram,3,Entertainment,26.75279834,0,6.422531629,High,55.84138126
15,Male,USA,3.404410987,Snapchat,1,Entertainment,38.64372247,1,8.780707714,Medium,37.79641332
13,Female,USA,3.840458302,Twitter,4,Content Creation,25.84554947,0,7.484723494,Medium,49.48043604
17,Female,Canada,0.987797956,Snapchat,5,Education,5.670267177,1,8.718936342,Low,65.24764689
13,Male,UK,3.439193901,Snapchat,2,Entertainment,28.61924966,1,7.675986736,Medium,76.40912383
20,Male,Australia,2.199009743,Snapchat,4,Education,11.06062239,1,7.460654729,Low,41.04877141
13,Female,Germany,3.486982325,YouTube,1,Entertainment,13.86650591,1,7.106724454,Medium,35.93972484
23,Other,India,1.471404207,Instagram,4,Socializing,31.71098838,0,9.188364694,Low,46.07238248
13,Male,Germany,1.906586319,Instagram,3,News,27.5166627,0,8.121052475,Low,26.78442679
14,Male,USA,4.731587306,YouTube,2,News,35.42165556,1,6.38011794,Medium,61.25445538
14,Other,UK,4.868454492,YouTube,5,Education,24.51695718,1,7.298498372,Medium,50.75709126
24,Male,Canada,5.679478015,YouTube,1,Education,12.89977142,1,4.673630752,High,22.54766144
18,Male,India,2.007474849,Snapchat,1,Content Creation,35.43188255,1,8.806400513,Low,56.97188208
19,Female,Germany,2.858215659,Instagram,3,Entertainment,34.83817287,1,8.420052825,Medium,0
17,Male,USA,4.00397434,Instagram,2,Entertainment,27.68403309,1,8.685254889,Medium,60.64337239
13,Female,Canada,4.392082527,Instagram,1,Entertainment,21.3490303,0,5.771281686,Medium,82.31721718
13,Female,USA,3.094966479,YouTube,4,Entertainment,22.44628244,1,8.873323078,Medium,13.2756413
15,Female,India,5.194538699,YouTube,5,Education,26.45709612,1,5.937279313,High,31.94284414
26,Female,India,1.699232911,Instagram,4,Entertainment,31.36749891,1,8.122735559,Low,25.38886416
14,Female,USA,2.696384597,Twitter,1,Socializing,7.464893049,0,6.881961426,Medium,11.47814302
17,Male,Germany,1.878220304,TikTok,5,Entertainment,27.5796967,1,8.458850192,Low,35.46191298
24,Female,Germany,4.672018966,Instagram,1,Socializing,26.47371517,1,7.906033333,Medium,44.92364211
22,Male,India,3.611881484,YouTube,2,News,18.22961738,1,8.416352459,Medium,56.48398737
18,Male,Brazil,6.334436551,YouTube,1,Education,26.99910156,0,4.091367812,High,39.72083172
19,Female,Canada,2.168510047,TikTok,2,Entertainment,41.67117446,0,7.014628547,Low,68.45659975
16,Male,Germany,2.004747287,YouTube,3,Entertainment,30.87872074,1,9.501723092,Low,37.28546605
19,Female,Brazil,0.615771654,TikTok,4,Education,37.98992874,0,10,Low,84.63599439
23,Male,Canada,4.907806416,YouTube,2,Education,14.95305356,1,8.008928412,Medium,32.37499675
20,Male,Germany,3.164074706,Instagram,5,Entertainment,5,0,9.360928046,Medium,28.62599594
23,Female,UK,4.946907857,TikTok,5,Socializing,21.42375869,1,6.10386192,Medium,20.82812597
13,Male,UK,3.916443138,TikTok,2,Entertainment,24.03926614,0,7.8378764,Medium,50.88488112
27,Male,Canada,0.611062322,YouTube,5,Education,34.09011558,0,6.945362012,Low,63.53504208
18,Other,India,4.06741362,Instagram,2,Entertainment,40.36798799,0,7.039839184,Medium,48.46594047
20,Male,India,4.081431748,Instagram,2,Socializing,17.07617294,1,7.318907193,Medium,57.17168017
17,Male,India,2.604241012,YouTube,3,Entertainment,37.65034461,1,7.112588076,Medium,30.54920111
16,Female,Australia,2.418100211,YouTube,3,Entertainment,30.07515699,1,8.243251785,Low,46.90218018
14,Other,USA,5.993790917,Snapchat,4,Socializing,34.95874558,1,4.798284417,High,44.34721212
18,Female,Canada,2.06502123,YouTube,3,Entertainment,10.27642152,0,10,Low,54.70049971
18,Male,Germany,3.394671372,YouTube,3,Socializing,38.52121111,0,6.933360112,Medium,62.86226613
23,Female,USA,3.07102377,TikTok,2,Entertainment,32.76651664,1,7.273307308,Medium,57.08700501
27,Female,USA,4.951837427,YouTube,1,Education,35.34815039,1,5.588363376,Medium,28.08445833
13,Female,India,3.605510112,Instagram,2,Education,14.29701718,1,7.640169866,Medium,22.88668941
21,Female,Canada,1.059434522,YouTube,3,Education,14.02838701,1,9.679741399,Low,64.37178833
24,Female,Germany,4.758466133,TikTok,4,Content Creation,16.85592001,0,4.167980124,Medium,62.28554444
23,Male,India,0.5,TikTok,3,News,33.2442075,1,9.571854146,Low,39.0630958
18,Female,India,2.868689153,Snapchat,2,Entertainment,22.82833334,1,8.153548658,Medium,4.204591126
25,Male,India,4.558137723,TikTok,2,Socializing,20.239048,0,7.439376954,Medium,62.44159121
15,Other,India,2.253066985,Instagram,3,Content Creation,15.95284463,1,8.711842476,Low,20.83701356
16,Male,Canada,3.170974619,Instagram,1,Entertainment,33.19516446,1,8.036765606,Medium,99.86790411
24,Male,Brazil,3.688603572,YouTube,4,Education,28.3788824,1,8.442979422,Medium,54.67986615
23,Female,Canada,4.173611133,TikTok,1,Education,25.78398898,1,8.435327926,Medium,31.13942234
16,Female,Germany,2.523137607,Instagram,3,Entertainment,25.42069158,1,7.772635162,Medium,14.44024746
15,Male,Germany,5.065257157,TikTok,1,Socializing,11.21564011,1,6.570500574,High,68.37025544
22,Female,Australia,2.496285671,YouTube,3,Socializing,28.24904929,0,8.433036052,Low,16.1307807
15,Male,Canada,1.228721481,TikTok,1,News,47.96125066,1,8.750721302,Low,62.79626489
27,Male,India,3.702691532,TikTok,3,Socializing,16.66702093,1,7.625158029,Medium,62.96029369
15,Male,USA,2.649656396,Instagram,3,News,22.69031981,1,8.240206207,Medium,31.58875917
16,Female,USA,7.611356266,YouTube,5,Education,17.15949306,1,2.568340906,High,53.43873201
19,Male,UK,4.568837808,TikTok,1,Socializing,15.45082764,0,8.129522859,Medium,14.8755481
16,Female,USA,6.348982462,TikTok,4,Socializing,31.01897963,1,4.546236339,High,37.59377626
21,Female,Germany,3.956848227,Instagram,3,Entertainment,17.89243588,1,6.12460397,Medium,77.32571733
13,Female,UK,4.424582897,Snapchat,1,Education,28.46165414,0,6.683391811,Medium,32.25268216
20,Male,Canada,5.124273289,YouTube,2,Socializing,29.56271699,1,4.964039192,High,84.11535057
19,Male,Australia,2.403347314,Twitter,4,Content Creation,24.77623258,0,9.525177892,Low,55.42684698
14,Male,Brazil,4.823340266,Instagram,4,News,10.63755495,1,7.324021067,Medium,54.93299997
20,Male,USA,1.882461314,Instagram,2,Content Creation,15.84085544,1,9.75614267,Low,63.11825311
13,Other,India,2.117680743,YouTube,5,News,39.8669837,1,8.124332118,Low,63.79580079
23,Male,USA,5.91824,Twitter,5,Socializing,18.18997269,0,6.203693037,High,88.64112613
24,Male,UK,1.440844743,TikTok,5,Education,29.07341851,1,8.881244272,Low,45.48119442
21,Male,UK,3.854155174,YouTube,4,Socializing,30.58319334,1,7.127866296,Medium,26.64097432
21,Female,Australia,2.884296292,Instagram,5,Socializing,25.70421393,1,8.759544727,Medium,41.70509983
14,Female,USA,3.392894951,Instagram,1,Education,23.16811806,1,6.176028776,Medium,26.22259236
19,Female,India,0.5,Snapchat,5,Entertainment,36.84414072,1,7.89782018,Low,11.99068616
27,Male,UK,3.996325343,Instagram,4,Socializing,22.04840411,0,9.177354378,Medium,0
26,Female,India,4.07889745,TikTok,3,Entertainment,45.36357228,0,6.031253163,Medium,25.19894152
22,Male,India,3.5623528,Snapchat,1,Entertainment,17.1827681,0,7.639496744,Medium,58.61545187
15,Male,UK,3.250221497,TikTok,4,Entertainment,19.06450869,1,8.055017877,Medium,37.39587983
19,Male,UK,3.74704807,Snapchat,3,Entertainment,21.15824156,0,8.427092098,Medium,55.32513519
24,Female,USA,4.649229413,TikTok,3,Education,11.34476253,1,7.322791033,Medium,23.86756417
22,Male,India,2.020141758,YouTube,3,Entertainment,9.211599733,1,7.710146534,Low,11.97794235
21,Male,Germany,4.617660303,YouTube,5,Entertainment,19.42615967,0,7.537415827,Medium,11.03366283
16,Male,UK,4.92405626,Instagram,1,Socializing,26.50305021,0,6.335198746,Medium,30.34977851
24,Female,USA,3.886652277,YouTube,2,Entertainment,5,1,5.603933792,Medium,39.15238707
13,Male,UK,5.3725702,Instagram,3,Socializing,18.69114966,1,7.541532268,High,60.7642074
14,Female,India,4.158934037,YouTube,1,Entertainment,14.42944153,0,6.960504892,Medium,44.73035227
13,Male,India,4.055141065,YouTube,3,Entertainment,19.52921669,1,4.623454526,Medium,71.0347421
26,Male,USA,0.5,Twitter,2,Entertainment,8.935250229,1,9.561967359,Low,53.33104698
24,Male,Brazil,3.588830294,TikTok,5,Socializing,13.51724279,1,6.883887845,Medium,84.46657933
17,Male,Canada,5.180282188,TikTok,4,Entertainment,34.94176316,0,5.320249583,High,26.54088506
17,Female,Australia,1.562277895,TikTok,5,Content Creation,20.2494669,0,8.685542618,Low,34.60123008
23,Male,India,2.460362427,TikTok,2,Entertainment,27.11045953,1,7.446020764,Low,19.24020306
19,Female,India,2.320740066,YouTube,5,Socializing,23.14517536,0,8.587316145,Low,15.90757794
21,Male,UK,5.213451831,Instagram,2,Education,52.79602393,1,7.269503513,High,45.11354581
21,Female,USA,4.6821295,YouTube,3,Entertainment,16.42969528,1,7.692896957,Medium,114.302103
15,Male,UK,3.820267366,TikTok,4,Socializing,21.32428907,0,6.08274572,Medium,67.89629022
15,Female,Canada,3.953850287,Instagram,3,Education,16.10695434,0,8.000581088,Medium,58.09353456
15,Female,USA,1.757829471,TikTok,3,Content Creation,17.9363256,1,8.313210012,Low,54.48055047
16,Female,Brazil,6.49885915,Instagram,1,Content Creation,9.773188014,1,5.741188892,High,87.6507191
20,Male,Australia,5.166113119,TikTok,4,News,22.79628302,0,4.323958269,High,64.16176705
18,Other,Canada,5.312051178,Twitter,2,Entertainment,7.785495168,0,6.0731449,High,25.17612192
20,Male,Germany,2.586792039,TikTok,4,Socializing,33.63346385,0,6.187428102,Medium,37.52649811
13,Female,India,1.87499079,TikTok,1,Socializing,17.97254351,0,9.732102957,Low,37.17521066
20,Female,Australia,4.303461283,YouTube,3,Entertainment,28.46718721,0,6.705535492,Medium,40.4766682
16,Male,USA,5.743548518,Instagram,2,Socializing,16.30125309,0,5.496943474,High,61.24993189
23,Other,UK,4.273020693,Instagram,2,Entertainment,17.2913254,0,5.936438052,Medium,58.03747893
13,Male,India,1.789377442,Instagram,2,News,23.96326332,1,8.199882499,Low,49.57745229
20,Male,UK,3.052402336,Snapchat,3,Entertainment,5,1,7.608138408,Medium,78.87835472
16,Male,India,3.099634934,TikTok,1,Socializing,28.08152645,1,6.1448742,Medium,56.09949727
18,Female,UK,3.615420264,YouTube,3,Socializing,44.08558419,1,5.867286769,Medium,50.82610217
20,Male,USA,4.673945785,Instagram,5,Entertainment,21.18898893,1,5.505339305,Medium,36.47017309
16,Female,India,2.102152747,YouTube,2,Entertainment,26.53431037,0,8.217643983,Low,79.94149851
26,Male,India,3.505211714,Instagram,4,Entertainment,15.17873711,1,6.784103956,Medium,41.93971411
15,Male,UK,3.274897528,Instagram,3,Education,13.36172078,1,7.929955717,Medium,26.65200834
26,Female,Canada,4.789656689,TikTok,4,Socializing,11.74578463,0,7.350741012,Medium,35.96580617
21,Female,India,2.917885086,Snapchat,4,Content Creation,37.95990226,0,9.225502714,Medium,27.63563318
15,Male,India,2.300552001,Snapchat,1,Entertainment,11.29486533,0,8.407610318,Low,83.31576608
21,Female,Brazil,4.209844148,YouTube,1,Socializing,25.5766783,0,5.556243408,Medium,42.53444014
25,Male,USA,4.1727003,Instagram,4,Entertainment,18.28010963,0,7.385557429,Medium,26.63489653
14,Female,Brazil,1.716980059,Snapchat,3,Entertainment,29.69584797,0,9.757696074,Low,44.39990523
26,Female,India,2.795456666,TikTok,1,Education,25.34737662,0,7.68272792,Medium,61.42559442
14,Male,UK,5.373375729,Instagram,2,Socializing,30.19135123,1,5.482506193,High,35.17162055
14,Female,Germany,6.874078989,Snapchat,3,Socializing,19.17506117,0,3.070787792,High,60.74609325
18,Other,USA,3.80485805,Instagram,1,Socializing,29.89798088,1,5.474974788,Medium,29.62537293
15,Female,India,4.340030448,TikTok,4,Socializing,19.84193215,0,5.788076841,Medium,48.29366123
25,Female,India,2.592714126,Instagram,5,Entertainment,39.1246401,1,7.558395559,Medium,46.70863142
21,Male,Canada,4.196461209,Instagram,2,Education,52.46709475,1,6.600152097,Medium,20.93602781
16,Female,Brazil,3.679633848,YouTube,3,Entertainment,31.97759897,0,6.05450071,Medium,55.28304263
13,Male,India,4.096244151,Instagram,1,Entertainment,20.04242881,0,6.176066864,Medium,0
16,Male,India,3.114740431,Snapchat,4,Content Creation,11.33476456,1,7.320524818,Medium,38.33423362
13,Male,Brazil,2.584903509,TikTok,4,Education,24.83343074,1,9.616636058,Medium,29.14145258
26,Female,Canada,5.867964162,Instagram,2,Education,16.91383091,0,4.749897542,High,49.12082213
17,Female,India,0.66889319,Instagram,3,News,28.54072484,0,9.380307753,Low,57.09576113
16,Male,India,4.789203635,Twitter,3,Socializing,32.01510741,1,6.59644548,Medium,75.47812375
20,Male,Germany,3.857481605,YouTube,4,Entertainment,33.16119858,0,6.984063175,Medium,30.13765421
20,Female,India,4.609894488,Instagram,2,Content Creation,28.85550706,0,6.137594022,Medium,40.18641989
19,Male,India,2.779347799,YouTube,3,Education,19.47095551,1,8.25981701,Medium,29.37204376
15,Male,India,2.858263321,TikTok,2,Entertainment,5,1,8.094025345,Medium,48.94717419
13,Female,USA,0.946707123,TikTok,1,Entertainment,26.51824897,0,8.935464685,Low,46.98034692
13,Female,India,3.571413016,TikTok,3,Content Creation,14.3972719,1,7.204296195,Medium,34.99253628
24,Male,India,6.557464465,Instagram,2,Socializing,22.86244548,1,6.621847463,High,35.71712575
23,Male,India,4.527145305,YouTube,1,Entertainment,33.19247183,0,7.281325034,Medium,55.99575845
15,Male,Germany,3.422963747,TikTok,1,Socializing,5,1,7.91175761,Medium,36.88334984
18,Other,USA,6.107394707,Twitter,3,Education,5.681626477,1,4.042606393,High,54.29361091
19,Female,UK,4.222800949,Instagram,5,Entertainment,8.955661887,1,7.279780892,Medium,26.58812592
18,Male,India,3.29122754,Instagram,4,Education,40.97451929,1,6.765247982,Medium,38.48253452
26,Other,India,2.681149594,TikTok,4,Education,5,0,6.235242984,Medium,44.18846091
26,Male,USA,4.065507602,TikTok,4,News,31.52157582,0,6.062256719,Medium,25.08100499
18,Female,USA,5.732484424,TikTok,1,Entertainment,43.244669,1,4.027337276,High,55.69592208
18,Male,USA,0.765352337,Instagram,5,Socializing,26.27622866,0,9.063549683,Low,21.09500648
25,Female,India,5.400698139,YouTube,1,Education,18.80609264,1,6.837324231,High,64.20780133
15,Female,USA,3.281061254,TikTok,4,Socializing,6.555867979,1,7.688495971,Medium,53.98935117
18,Male,UK,3.596363053,TikTok,3,Entertainment,16.0379215,1,7.766231497,Medium,56.42195804
20,Female,UK,2.125990407,Snapchat,5,Socializing,23.15910178,0,7.740175977,Low,57.08168236
23,Male,Brazil,4.104311503,TikTok,4,Socializing,30.73899964,1,7.136649345,Medium,43.55048742
23,Male,Brazil,2.928246085,Instagram,5,Content Creation,29.66500399,0,6.85459183,Medium,33.51491592
14,Female,Brazil,3.010638557,TikTok,4,Entertainment,15.87326378,1,5.919436559,Medium,0
17,Male,India,3.196930675,Instagram,3,Entertainment,23.69637019,0,7.136326432,Medium,43.50774176
26,Male,Brazil,4.518057789,YouTube,3,Entertainment,21.74226651,1,4.232087619,Medium,18.34815903
13,Female,Canada,3.642830968,TikTok,5,Socializing,16.71357904,0,6.154192057,Medium,47.08161955
24,Male,India,4.793843117,YouTube,4,Socializing,34.10634396,1,5.54629203,Medium,34.59775168
27,Female,India,3.035068783,Instagram,2,Entertainment,46.14541735,1,7.4752704,Medium,17.32257692
13,Male,India,2.042038223,TikTok,5,Socializing,30.67287196,1,9.209242917,Low,42.28475259
17,Male,Australia,4.497276804,Instagram,5,Socializing,27.70231307,0,3.885725978,Medium,25.57225828
24,Male,Germany,2.345666047,YouTube,3,Entertainment,38.78171391,0,7.430082867,Low,41.23494302
25,Male,UK,4.446331084,YouTube,4,Socializing,37.75776364,0,5.741172722,Medium,42.23937236
15,Male,Germany,6.803672217,Instagram,1,Entertainment,23.14098395,1,2.822650329,High,58.12218264
16,Female,USA,2.319093116,Twitter,2,Entertainment,37.37804259,1,8.4611366,Low,52.19070509
15,Female,India,2.60329994,Snapchat,2,Entertainment,30.84782865,1,8.271988855,Medium,61.47178004
13,Male,Canada,4.989563926,Instagram,4,Entertainment,12.59221245,0,6.056861454,Medium,35.73429803
13,Male,Canada,5.449543256,Instagram,1,Socializing,41.14630957,1,5.783115211,High,54.46901498
24,Male,USA,2.492606417,Snapchat,5,Education,33.3629627,0,7.410740476,Low,25.20604
24,Male,USA,0.847304331,Instagram,4,News,45.10299778,1,9.030186121,Low,37.38770804
26,Female,Canada,3.266635292,Instagram,4,Entertainment,19.34933552,1,7.660155779,Medium,41.22325508
25,Female,UK,3.59817059,YouTube,1,Socializing,17.72953357,1,6.288018717,Medium,63.23106312
26,Male,USA,3.477542317,TikTok,2,Education,12.13472623,0,6.209170815,Medium,27.81518546
17,Male,Brazil,4.326242361,YouTube,4,Education,26.6798986,0,7.264762429,Medium,32.06839995
18,Male,Brazil,2.414205582,YouTube,4,Socializing,28.86839372,1,7.121369334,Low,78.63870731
15,Female,Germany,2.876842895,YouTube,4,Education,20.18907826,1,7.543562797,Medium,23.79954724
24,Male,Brazil,4.331357016,YouTube,5,Socializing,20.2090273,1,4.578912026,Medium,73.89032448
21,Male,India,2.302098717,YouTube,1,Education,9.708416458,1,8.782169585,Low,49.42115659
17,Male,Canada,2.689542253,Instagram,5,Socializing,28.44514987,1,7.01633995,Medium,13.51452883
20,Male,Australia,7.061732192,Snapchat,2,Entertainment,31.87860478,0,2.065887044,High,70.93221524
25,Male,India,1.975892601,YouTube,3,Entertainment,5,1,8.604422801,Low,52.75625668
13,Female,Brazil,5.061958655,Instagram,2,News,19.11478149,1,9.428152995,High,21.21547821
26,Female,Canada,3.960653341,Instagram,4,Education,13.10665864,0,8.002529202,Medium,42.13433657
17,Female,Germany,4.334026799,Instagram,4,Entertainment,33.42333929,1,5.372124276,Medium,53.71270068
27,Male,Brazil,1.947229945,TikTok,5,Education,23.20216499,1,7.251790378,Low,41.55116293
15,Male,Canada,4.378714644,Twitter,3,News,16.26392304,1,6.322782537,Medium,89.59011044
24,Male,Germany,1.459967816,TikTok,2,Entertainment,35.33206619,0,9.338508816,Low,68.81388107
13,Male,UK,3.014793244,Instagram,4,Entertainment,26.31486207,0,7.731293625,Medium,75.94855249
16,Male,USA,2.278740899,Snapchat,2,News,43.17027651,0,7.828642974,Low,51.03960306
27,Male,India,5.794118639,TikTok,3,Socializing,20.99265559,1,4.098625497,High,53.25357792
25,Female,Brazil,4.432193355,Instagram,2,Socializing,6.875159551,1,7.425355576,Medium,52.19105577
17,Female,India,3.22112416,Instagram,4,Entertainment,43.74654057,1,6.724550557,Medium,49.54262321
19,Male,Brazil,2.404379033,Instagram,3,Socializing,22.71229214,0,7.710142608,Low,12.19636747
13,Male,India,3.612136021,YouTube,2,Entertainment,24.50363338,1,8.908175102,Medium,54.0992935
15,Male,Germany,2.049374427,YouTube,2,Education,5,0,7.455389389,Low,56.27047454
14,Female,India,4.91894277,Twitter,4,News,7.662575144,1,4.942919303,Medium,49.94466092
21,Female,USA,1.999186198,TikTok,2,Entertainment,26.68023658,1,8.081594987,Low,56.00238751
22,Male,India,7.850344697,YouTube,5,Socializing,23.72774893,1,3.235380788,High,37.53241732
27,Male,India,2.528146818,TikTok,5,Socializing,40.94992769,1,7.600129927,Medium,36.91626705
18,Female,UK,2.935676346,Instagram,3,Entertainment,20.42520811,0,7.985082798,Medium,0
22,Female,India,6.162027636,Snapchat,1,Entertainment,24.12904299,1,5.283042113,High,28.80170985
15,Female,Australia,4.790665019,Instagram,2,News,20.3591924,1,6.584359444,Medium,78.20705169
20,Female,Canada,4.083621527,YouTube,5,News,28.62463739,0,6.328224881,Medium,52.42232129
26,Female,UK,4.606217561,Instagram,5,Entertainment,31.42990496,1,6.26682597,Medium,31.35408082
20,Male,India,3.042138792,YouTube,5,Education,25.23408259,0,7.621814064,Medium,22.03238009
14,Male,India,4.11824907,Instagram,1,Education,37.81825256,1,8.221912068,Medium,16.44759722
27,Male,Brazil,1.901276872,Twitter,1,Socializing,17.2937681,0,7.131068473,Low,19.0675959
18,Female,India,2.194637026,Instagram,5,Entertainment,25.13864338,0,8.20655241,Low,54.52547253
19,Male,India,1.140979721,Instagram,3,Socializing,5,1,9.496204468,Low,29.74233182
14,Female,Germany,4.252140983,Instagram,4,Content Creation,30.82398489,0,7.785516954,Medium,18.95841784
27,Female,USA,3.385238004,Twitter,4,Socializing,18.17673457,0,6.014292187,Medium,11.74667837
23,Female,Canada,2.977507797,Instagram,4,Entertainment,38.90302714,0,7.86159654,Medium,41.86197817
22,Male,India,3.761213054,Instagram,2,Entertainment,34.88045121,0,7.66482988,Medium,56.70529812
14,Male,UK,5.053662861,Twitter,4,Education,33.96922377,0,7.149305207,High,52.65759907
22,Male,UK,4.13101557,Instagram,2,Socializing,42.16154853,1,5.951512451,Medium,32.47732622
13,Male,Brazil,3.361597442,YouTube,1,Entertainment,25.13558565,0,8.285248571,Medium,53.70396054
20,Female,USA,4.321564011,YouTube,4,Entertainment,28.94283384,1,7.066652408,Medium,51.18339099
13,Male,Germany,1.906503108,YouTube,4,Socializing,26.18007408,1,7.935986541,Low,92.81757207
21,Female,USA,1.387789821,Instagram,5,Socializing,15.24451973,1,7.616172494,Low,42.89451277
23,Female,Germany,3.679177423,TikTok,5,News,47.37673558,0,5.817410338,Medium,68.16715192
18,Female,USA,4.059433531,YouTube,3,Entertainment,24.08842076,1,5.74859411,Medium,39.56667839
19,Male,Brazil,1.596904001,Twitter,3,News,30.04022336,0,7.797508798,Low,3.486910991
25,Male,India,3.868851484,YouTube,4,Entertainment,9.991336669,1,7.455779891,Medium,49.07041681
22,Male,India,5.056017714,TikTok,1,Education,23.74692849,1,6.053323903,High,0
19,Female,Germany,5.615392108,TikTok,1,Entertainment,32.2697739,0,5.76961169,High,57.12414064
22,Female,India,3.695238015,Twitter,1,Socializing,38.14630768,1,7.181653626,Medium,14.72719139
15,Female,UK,4.701554744,Twitter,1,Socializing,27.76039295,1,6.723859457,Medium,36.18381242
14,Male,India,2.139354301,YouTube,4,Socializing,26.33157707,1,9.071589899,Low,22.53754268
21,Female,USA,3.983032865,Instagram,1,Education,18.33014451,0,7.539571569,Medium,2.644186674
20,Other,India,3.427465207,TikTok,2,Socializing,25.7081064,0,8.759539521,Medium,47.74812244
25,Male,India,4.540762946,YouTube,2,Education,12.57023254,1,7.406981932,Medium,56.72382169
24,Female,USA,2.247958294,TikTok,3,News,22.60746299,0,7.854691233,Low,63.04954001
22,Male,India,5.45680238,TikTok,2,Socializing,10.19726198,1,7.379125466,High,9.261750766
19,Male,India,2.23039622,Twitter,2,Socializing,12.52226003,1,7.600171373,Low,32.47570462
21,Female,USA,2.924868481,Instagram,4,Entertainment,28.13540941,0,7.742673473,Medium,26.91627198
16,Male,India,5.911855977,TikTok,2,Education,42.82248356,1,5.117015798,High,22.70958481
25,Male,India,2.754384142,YouTube,2,Education,29.94403929,1,7.752100156,Medium,39.16586618
16,Male,India,5.33552072,YouTube,1,Entertainment,22.92245146,0,6.897805234,High,65.47428295
13,Female,India,1.920593744,Instagram,2,Entertainment,27.76835868,1,7.954296247,Low,63.17238188
20,Male,India,3.609461895,TikTok,5,Socializing,32.89435568,0,9.519925463,Medium,42.87154096
26,Female,India,3.726424804,TikTok,4,Socializing,5,1,6.175513918,Medium,9.749206927
26,Male,Brazil,5.456943216,YouTube,3,Education,11.48751761,1,5.954017361,High,22.00499273
24,Female,USA,4.089671644,Instagram,4,Entertainment,22.84548853,1,6.753688,Medium,61.69487688
15,Male,Germany,2.484700529,YouTube,4,Socializing,22.3762919,1,8.2826322,Low,50.86178015
19,Female,USA,4.106310042,Instagram,1,Socializing,34.71404102,1,5.529374524,Medium,43.62620715
27,Male,India,2.768816974,TikTok,1,Entertainment,9.887009311,1,8.786276705,Medium,2.648482572
24,Female,UK,3.648494688,YouTube,4,News,33.16174689,1,5.207392728,Medium,13.75692583
14,Male,Brazil,4.366843364,YouTube,1,Socializing,25.83340292,1,8.017536899,Medium,22.47379418
14,Male,India,2.580258537,YouTube,2,Education,12.05561732,0,9.582429282,Medium,26.48812906
19,Male,USA,4.401379074,Snapchat,5,Content Creation,20.12906998,0,4.766107824,Medium,33.04955818
27,Male,USA,3.758159067,YouTube,1,Content Creation,24.19373653,1,6.649120359,Medium,48.61922922
18,Male,India,3.210407344,TikTok,1,Entertainment,16.89693788,1,6.973248487,Medium,52.74143659
15,Female,USA,2.453570697,Twitter,4,Entertainment,20.53578905,0,7.039287154,Low,54.44661592
21,Female,Canada,1.586250688,Instagram,2,Entertainment,17.52562276,1,8.116976721,Low,16.66810774
22,Male,USA,3.117475416,Instagram,5,News,34.80337506,0,8.53987496,Medium,39.51432455
27,Female,Canada,1.945039153,TikTok,5,Socializing,34.55728099,1,7.770711565,Low,50.95263975
26,Female,Brazil,0.608255195,TikTok,1,Entertainment,31.32129046,0,8.579535112,Low,0.136846602
25,Female,UK,4.656844912,YouTube,3,Entertainment,30.44662511,1,6.109428972,Medium,52.67008958
18,Female,UK,4.718585922,Instagram,2,Socializing,30.24998984,0,6.007016321,Medium,63.44520729
22,Female,India,4.363044328,Instagram,5,Entertainment,25.94643028,1,6.154362102,Medium,10.19060204
22,Male,India,2.278568025,YouTube,2,Entertainment,8.130684819,1,8.1204751,Low,26.76122986
18,Female,Germany,2.164224701,YouTube,5,Entertainment,15.3198226,0,7.841329391,Low,37.73251268
13,Female,India,0.766998344,Instagram,3,News,20.6904596,1,10,Low,37.21271599
16,Female,India,2.459380006,YouTube,5,News,26.59390798,0,7.088999195,Low,48.75310798
22,Female,India,4.457598846,Twitter,4,Socializing,14.90021833,1,6.137225194,Medium,11.48610386
18,Male,India,4.091712809,TikTok,5,Socializing,50.92239167,1,5.595466562,Medium,51.13806628
27,Female,India,3.803555494,Instagram,1,Socializing,22.15767456,0,7.399966463,Medium,12.34894772
18,Male,India,2.768492475,YouTube,2,Entertainment,32.51902002,1,8.395515707,Medium,80.22136008
23,Female,Canada,5.304505583,TikTok,3,Education,21.37783297,0,6.150542385,High,31.14342813
24,Female,USA,5.685786838,Twitter,2,Socializing,16.55169474,1,5.556448319,High,54.7047866
17,Female,India,3.262833342,YouTube,3,Socializing,44.71164368,0,6.858082378,Medium,0
13,Male,USA,3.042489188,TikTok,5,Entertainment,26.42949468,0,7.2927119,Medium,25.59036772
20,Male,Germany,4.770108692,Instagram,4,Socializing,20.19252611,0,5.742742662,Medium,0
17,Male,USA,2.400281965,Twitter,5,Entertainment,37.20928426,1,8.66053084,Low,37.01436223
24,Female,India,3.127303864,Instagram,5,Entertainment,28.96943435,1,8.108793326,Medium,39.44955938
24,Male,Canada,4.766012638,Instagram,3,Socializing,20.69278057,1,7.039917951,Medium,76.99953421
24,Female,USA,2.634718627,Instagram,3,Socializing,24.65532782,0,8.676146527,Medium,41.94877753
17,Female,India,6.165656586,Instagram,3,Education,22.96809116,1,5.02423257,High,23.49646394
19,Female,Brazil,5.566923556,YouTube,2,Education,35.25866466,1,4.976525876,High,37.13542137
16,Female,India,2.065506946,YouTube,4,Entertainment,22.85633974,0,8.045116711,Low,40.89373126
18,Male,USA,4.018186159,TikTok,3,Entertainment,18.11195037,1,7.641333592,Medium,30.19756415
25,Male,India,3.132896229,YouTube,4,News,10.74642238,1,5.887800015,Medium,45.12042174
16,Male,India,4.277477445,YouTube,3,Education,35.56114317,1,7.314336639,Medium,56.29538265
26,Female,USA,3.393722317,Instagram,3,Entertainment,37.4896486,0,7.609985764,Medium,50.29397649
27,Female,India,3.166817401,Snapchat,4,Education,32.88392936,1,7.454782455,Medium,63.13091847
15,Male,Germany,5.090662224,YouTube,2,Entertainment,35.85578327,0,5.774144144,High,43.12541386
19,Male,India,3.434705543,Instagram,5,Socializing,13.66174209,1,7.440396932,Medium,98.99560499
20,Female,Canada,2.296374959,TikTok,4,Entertainment,17.13280714,1,7.227549783,Low,52.31962151
16,Female,USA,3.757089406,YouTube,2,Entertainment,20.38103843,0,8.139330848,Medium,0
25,Male,USA,0.5,TikTok,4,Entertainment,21.31369216,1,9.317716899,Low,38.02059521
14,Female,India,2.715942876,Instagram,2,Entertainment,39.12091767,0,8.837088188,Medium,67.85169809
24,Male,UK,2.934215511,Instagram,1,News,43.24746808,1,6.763489665,Medium,28.09533736
22,Male,Canada,4.471815729,YouTube,4,Entertainment,17.69227885,1,6.629588877,Medium,26.21864179
26,Female,Germany,4.774842243,Instagram,5,Education,32.37166912,1,6.77622305,Medium,70.9302165
15,Female,Canada,4.081041163,TikTok,5,Education,24.22423755,0,6.077745117,Medium,73.83249167
13,Male,Australia,1.639800255,Twitter,2,Socializing,23.84006737,0,10,Low,15.54212552
20,Male,India,2.631397031,Instagram,3,News,21.37398185,1,6.771595154,Medium,52.4276786
27,Female,UK,1.202056443,YouTube,1,News,32.62161674,0,8.286690106,Low,71.17593639
15,Male,India,4.62992906,Twitter,3,Socializing,21.14166422,1,7.111666785,Medium,49.41529012
24,Male,Canada,2.174705261,YouTube,2,Socializing,24.11657924,1,8.178634149,Low,34.30416445
22,Male,India,1.311806519,YouTube,2,Education,26.05474355,1,9.043949549,Low,48.00351059
19,Female,USA,0.853389947,Instagram,4,Socializing,37.63235668,1,8.709078651,Low,37.06413395
22,Male,Canada,4.062958093,YouTube,1,Socializing,11.57010547,1,6.425502699,Medium,40.27892895
17,Female,India,1.020461909,YouTube,4,Entertainment,29.45592464,0,8.941294274,Low,59.97975763
22,Male,UK,0.7220787,YouTube,1,News,31.93270523,0,9.894394355,Low,78.51463043
17,Female,UK,5.246868656,Instagram,4,News,8.134192863,1,5.610289201,High,22.76485381
26,Female,Germany,5.357260872,Twitter,5,Entertainment,31.77891529,1,4.863491538,High,43.40945452
19,Female,UK,2.052080666,Twitter,5,Socializing,11.28957641,0,9.215456998,Low,35.52740718
27,Male,USA,2.223109734,YouTube,5,Entertainment,28.10670034,0,6.7780006,Low,51.25681258
21,Male,USA,4.402576209,Instagram,3,Entertainment,16.24264669,1,5.791108431,Medium,34.07734426
24,Female,India,1.228946262,YouTube,1,News,13.61610645,1,9.186370061,Low,41.96775238
17,Male,India,4.003491148,TikTok,5,Socializing,24.76603591,1,6.941887778,Medium,30.75768766
13,Male,India,4.565083961,Instagram,2,Socializing,22.98970989,0,5.313011882,Medium,18.46388291
22,Male,USA,5.457493796,TikTok,5,Entertainment,37.10624667,1,4.386742047,High,33.88975716
22,Female,Canada,5.236557287,YouTube,3,Education,23.91554375,1,4.216757633,High,15.69963562
13,Female,Germany,5.47363013,Instagram,5,Socializing,27.24944154,1,5.363015414,High,47.11739642
27,Female,India,1.538015744,YouTube,2,Education,31.72110453,0,10,Low,12.19314956
14,Female,Australia,2.007227411,Snapchat,5,Socializing,14.02364007,0,7.799795859,Low,36.63064145
26,Male,Brazil,3.522473895,Twitter,1,Entertainment,23.92774894,0,8.685425905,Medium,36.72200572
18,Male,India,3.015924804,YouTube,5,Entertainment,11.82092638,0,6.752871569,Medium,33.97023194
21,Female,Germany,4.39662458,Snapchat,2,Entertainment,31.75278827,0,4.148623519,Medium,43.2555311
20,Female,India,3.221625993,Instagram,1,News,26.05802712,1,5.810311332,Medium,39.00933414
25,Female,Canada,4.810286922,Instagram,4,Entertainment,38.87641309,1,4.540836555,Medium,10.48118276
17,Female,Canada,3.074774199,Instagram,4,Education,32.93836073,0,8.540573171,Medium,42.09398443
13,Female,UK,8.800272036,YouTube,3,Socializing,37.07970757,1,3.603442352,High,36.31014552
25,Male,USA,4.56318228,TikTok,1,Entertainment,20.60184477,0,5.51958258,Medium,66.50437953
19,Female,India,2.352545683,Instagram,4,Entertainment,19.12746841,0,9.126746526,Low,54.82542541
27,Male,India,6.513251945,TikTok,1,Education,14.03283247,0,3.118882981,High,38.24367124
17,Male,Brazil,2.99569262,Instagram,3,Entertainment,29.46885662,1,7.471090911,Medium,40.79755156
18,Female,Brazil,5.395083958,TikTok,4,Entertainment,30.0737157,1,6.858387094,High,34.95414748
25,Male,India,3.7031786,Twitter,3,Socializing,23.16632874,0,6.273149681,Medium,49.69996926
19,Female,Germany,5.301853445,TikTok,3,Entertainment,36.09547895,1,6.658297816,High,62.79539065
15,Male,India,3.785509887,TikTok,4,Entertainment,26.53956744,1,7.399104327,Medium,33.83860418
24,Female,USA,3.423039734,YouTube,1,Socializing,16.95941278,0,6.102018048,Medium,21.20545466
22,Female,Germany,1.878680898,YouTube,4,Entertainment,21.8278513,0,8.519537856,Low,57.76134876
15,Female,Australia,2.309048432,Instagram,2,Education,33.77676176,0,6.645281739,Low,68.08520944
17,Male,Germany,4.195874363,Instagram,4,Education,25.7964951,1,6.352799803,Medium,1.190516761
18,Male,USA,5.157863623,TikTok,1,Socializing,31.8161408,1,5.203822484,High,63.14111396
21,Male,Australia,3.880388751,Instagram,2,Entertainment,16.11457545,1,6.764240323,Medium,56.78516424
25,Female,India,3.783450317,YouTube,2,Entertainment,21.02917916,1,7.887547243,Medium,42.95647328
26,Male,India,3.359212195,TikTok,2,Socializing,27.6442181,0,7.124405261,Medium,55.7735511
24,Male,USA,3.272887991,TikTok,4,Socializing,31.95074957,0,7.365519367,Medium,39.17454334
17,Male,Brazil,2.2264025,Instagram,4,News,39.31466705,1,7.883523229,Low,20.53239531
27,Female,UK,2.835065819,Twitter,4,Socializing,12.79662787,0,7.329872155,Medium,49.94455887
13,Male,USA,5.225970399,TikTok,1,Socializing,24.21484699,1,5.201478574,High,22.74947339
26,Female,Germany,5.287348983,Twitter,5,Entertainment,44.33066336,0,4.499429319,High,31.45641854
26,Female,India,1.570816258,TikTok,1,Entertainment,25.2447489,0,7.954586251,Low,39.89258802
26,Male,Germany,2.085551532,Twitter,3,Entertainment,9.181436613,0,9.004893449,Low,40.14740107
16,Male,India,2.351516124,YouTube,4,Entertainment,30.55672344,1,7.580695513,Low,32.31599452
17,Male,Canada,5.708138034,TikTok,1,Entertainment,22.0215787,1,5.978729965,High,57.30898859
24,Male,India,2.549204967,Snapchat,1,Socializing,27.23009477,0,6.771749976,Medium,48.98378763
22,Female,USA,0.5,Snapchat,1,Socializing,34.88322256,1,9.311371301,Low,0
22,Female,India,0.670269975,Instagram,1,Education,25.99411525,1,7.52310388,Low,33.45671941
17,Male,India,2.469938643,YouTube,3,Entertainment,40.20596759,1,8.431434323,Low,49.37993855
19,Female,India,3.737540072,YouTube,4,Entertainment,42.05524645,1,6.678411611,Medium,65.67211017
16,Male,India,2.529680213,YouTube,1,Socializing,23.44457545,0,7.299683776,Medium,22.42669315
13,Male,Brazil,3.589599235,Twitter,1,Entertainment,25.37395036,1,7.667493434,Medium,58.53867351
26,Other,USA,2.686752665,Instagram,2,Socializing,17.38223936,1,7.379290796,Medium,48.65914628
26,Female,India,2.02476788,Twitter,1,Socializing,30.1981761,1,8.939439947,Low,42.45536533
17,Male,Australia,7.878995001,Instagram,4,Education,35.37097599,1,3.998803399,High,34.80921306
19,Female,India,4.083361754,Snapchat,3,Entertainment,17.00995601,0,8.063750898,Medium,50.45551984
22,Female,India,4.223274885,Snapchat,5,Socializing,28.44728903,0,5.832329672,Medium,37.05714175
22,Male,Germany,2.236479623,TikTok,2,Education,34.91720633,0,8.138764323,Low,0
18,Female,Australia,5.103132419,Instagram,3,Entertainment,19.6132438,1,6.678413167,High,47.47103481
17,Male,India,0.5,TikTok,2,News,19.77964987,1,9.279860021,Low,24.51505886
16,Female,Germany,4.621418875,YouTube,1,Entertainment,26.83598111,1,7.91099905,Medium,30.17765817
14,Female,India,2.273327712,Snapchat,3,Entertainment,18.53552136,0,9.472473479,Low,35.62754261
16,Male,India,3.315979317,YouTube,4,News,15.63417718,0,8.062172935,Medium,56.15711435
27,Female,USA,0.898313228,YouTube,1,Entertainment,25.74559543,1,6.755047672,Low,57.59920355
22,Female,USA,1.777772389,Instagram,3,Education,15.74803567,1,8.532746052,Low,44.40372949
22,Male,India,3.242875615,Instagram,3,Entertainment,33.78202545,0,7.60153551,Medium,8.137946447
15,Male,Germany,1.630306085,YouTube,4,Socializing,12.32527049,0,8.913700574,Low,37.43395986
22,Female,India,3.87350231,TikTok,2,Entertainment,37.84862823,1,6.039149144,Medium,33.56871177
13,Female,USA,1.395684636,YouTube,4,Entertainment,25.59545152,0,7.340657374,Low,46.357193
20,Male,Germany,2.318729901,YouTube,2,Entertainment,12.66089892,0,8.046110683,Low,4.503887638
17,Male,Germany,5.303457364,Twitter,3,Education,31.20052195,0,6.072560997,High,38.58486359
25,Female,USA,5.225768102,Instagram,5,Socializing,31.39662607,0,5.950395224,High,51.85060382
16,Male,Germany,2.218208164,YouTube,2,Entertainment,30.07756584,0,7.93895721,Low,31.7595926
20,Male,India,4.76156771,Twitter,4,Entertainment,24.08468422,1,6.377022396,Medium,44.88325078
19,Male,Germany,3.407545661,TikTok,3,Education,25.52895141,1,6.774506237,Medium,42.99873705
14,Male,Germany,2.524426758,Instagram,2,Content Creation,15.59171664,1,8.97042457,Medium,60.97353806
13,Male,USA,2.225020739,TikTok,2,News,12.43405811,1,9.63545405,Low,39.56406867
24,Male,Germany,1.224425286,TikTok,4,Socializing,33.29501062,1,8.331622665,Low,82.89754695
23,Male,Brazil,1.998444422,TikTok,3,Entertainment,24.29455175,1,8.958909912,Low,34.02324333
16,Female,India,1.572754313,TikTok,4,News,27.10018075,1,7.502868444,Low,0
20,Female,India,4.590459378,YouTube,1,Socializing,18.72940823,1,7.405226501,Medium,17.81041384
24,Male,India,4.066013533,Snapchat,3,Education,43.15641019,1,8.797442889,Medium,52.57413766
14,Female,USA,4.116632369,Instagram,3,Content Creation,8.627363617,1,6.213176613,Medium,7.706908846
15,Female,USA,3.636799608,Instagram,5,Socializing,27.90885532,1,10,Medium,29.53964368
24,Male,India,0.5,YouTube,4,Education,28.29143903,1,10,Low,5.945167411
13,Male,Canada,6.847064426,Snapchat,3,Socializing,33.96164843,1,4.992822819,High,34.193166
13,Male,USA,1.559448511,TikTok,5,Socializing,19.01745409,0,8.362582106,Low,44.74800279
25,Female,India,4.104836425,Instagram,1,Education,30.817525,0,7.536423221,Medium,46.97148967
15,Male,Brazil,3.423860048,Instagram,1,Education,24.04323957,0,6.753292739,Medium,38.28788622
23,Male,India,3.734654668,Twitter,5,Education,30.31172049,0,7.601955582,Medium,43.60212013
17,Female,Canada,4.041574899,YouTube,3,Entertainment,24.74722678,1,5.259548406,Medium,52.09122977
24,Female,USA,3.869153807,Instagram,4,Entertainment,20.51335916,1,7.377926354,Medium,44.9631852
15,Female,USA,1.838722967,YouTube,1,Entertainment,20.17033792,1,7.708124491,Low,16.29105879
13,Male,India,0.5,YouTube,4,Entertainment,41.72202713,1,8.794356146,Low,80.08555459
13,Female,UK,1.735510799,TikTok,1,Education,18.01894118,1,10,Low,44.4403251
20,Female,India,4.431531276,Snapchat,2,Entertainment,18.18235991,1,6.59559526,Medium,0
22,Female,UK,5.123141839,Instagram,4,Entertainment,27.44989262,0,5.585666164,High,0
23,Male,UK,3.650500806,Snapchat,3,Content Creation,13.30931424,1,4.509341739,Medium,9.790386349
24,Male,Australia,4.545405478,Instagram,4,Entertainment,30.03564725,1,7.183332075,Medium,28.48449173
25,Other,India,4.169142764,Snapchat,1,Education,19.10876631,1,5.205856899,Medium,49.25101091
25,Male,Germany,3.951340158,Instagram,4,Education,42.63161083,0,7.261939425,Medium,47.9728913
24,Female,USA,0.5,TikTok,5,News,25.98984459,1,8.671492444,Low,47.13715285
27,Male,India,5.753819189,YouTube,1,News,29.58851933,1,6.566947101,High,24.43855474
26,Male,India,2.27280041,YouTube,2,Content Creation,12.74192756,1,8.675716661,Low,34.91202566
14,Female,UK,3.318278127,TikTok,1,Entertainment,28.61467161,0,8.213220139,Medium,28.99125737
25,Female,Canada,3.83317181,TikTok,5,Socializing,40.47711982,1,7.347728706,Medium,56.55831678
15,Male,India,1.771606713,Snapchat,4,Socializing,27.13718467,0,9.557822984,Low,8.520436225
14,Female,Canada,6.291070565,TikTok,2,Education,41.9357959,0,4.481632795,High,43.90495809
15,Male,Germany,4.096535261,Instagram,5,Entertainment,22.5925578,0,5.60697775,Medium,45.29037588
19,Female,India,4.243516482,YouTube,5,Entertainment,25.63356612,1,6.759326265,Medium,52.45835578
13,Female,Brazil,3.396435762,Twitter,5,Entertainment,33.58257941,1,8.326571841,Medium,27.68015665
22,Male,USA,1.262286336,YouTube,1,Socializing,21.13480151,0,8.22278159,Low,64.98806165
20,Female,USA,4.592260363,YouTube,4,Entertainment,32.41267003,1,7.025378352,Medium,55.98385801
25,Female,India,2.479300035,Instagram,5,Education,23.6958668,1,8.252286831,Low,52.30661141
22,Female,India,2.752079292,YouTube,4,Entertainment,41.94645474,0,7.081675278,Medium,65.31487367
22,Male,India,5.233265362,Instagram,4,News,20.6919171,1,5.372017165,High,59.63630862
22,Male,Brazil,2.093747905,Instagram,1,Education,5,1,7.209903182,Low,63.38449227
26,Male,Australia,3.690194019,Instagram,2,Entertainment,20.22347387,1,9.738090834,Medium,27.22555576
14,Female,Brazil,5.348310063,YouTube,1,Entertainment,22.1837502,1,5.270049732,High,29.34069416
15,Female,India,1.638305711,Snapchat,3,Socializing,20.06370838,1,7.407864511,Low,61.73350847
21,Female,Germany,4.302715977,Twitter,5,News,31.19444594,0,7.882263342,Medium,0
19,Male,Germany,3.521797556,YouTube,3,Socializing,38.31227581,0,6.866858466,Medium,79.18074853
16,Male,India,4.116144112,YouTube,2,Entertainment,25.87686129,0,7.291624474,Medium,29.3297412
22,Female,USA,7.377156029,YouTube,4,Education,7.925908847,0,4.143181263,High,32.28590505
17,Female,India,0.5,Instagram,4,Socializing,15.36335777,1,10,Low,29.02804189
14,Female,India,5.3272986,Instagram,2,News,47.34172008,0,5.363749137,High,32.56893838
25,Female,India,0.943378634,Snapchat,2,Socializing,29.75975247,1,8.916800415,Low,63.67506251
23,Female,Brazil,3.862360928,TikTok,1,Education,57.84142837,0,7.697486868,Medium,84.22402711
25,Male,Canada,3.026456049,TikTok,3,Socializing,32.7935823,0,8.355905932,Medium,8.529718363
20,Male,USA,2.791118655,TikTok,4,Socializing,7.921481836,1,5.441556303,Medium,17.27261534
16,Female,India,1.483630721,TikTok,4,Socializing,37.71121829,0,7.762931317,Low,16.08542493
21,Male,India,1.992495611,Snapchat,2,Content Creation,5,1,9.323411604,Low,51.63860623
17,Male,India,3.672671262,TikTok,3,Entertainment,23.67975786,0,7.090367723,Medium,53.64955939
25,Female,Australia,1.837968742,Instagram,3,Entertainment,27.58647518,1,8.496054962,Low,48.13031269
21,Female,Germany,4.239475843,Instagram,4,Education,22.47795034,0,6.046713947,Medium,29.71695428
16,Male,Germany,1.134573294,YouTube,1,Entertainment,42.6328028,1,8.878008154,Low,58.38349497
22,Female,India,5.815248148,YouTube,3,Socializing,23.43153439,0,5.925465455,High,14.98850904
17,Female,India,2.561428014,TikTok,5,News,17.01958405,1,8.349006003,Medium,0
21,Male,USA,1.119256401,TikTok,1,Entertainment,34.00664632,0,10,Low,31.03197221
20,Female,USA,3.893196181,Instagram,1,Socializing,13.09561429,1,6.454274252,Medium,23.7919694
15,Female,India,2.696901231,YouTube,3,Socializing,31.73253035,1,7.627995622,Medium,40.88854395
13,Male,Australia,3.168080509,YouTube,2,Socializing,25.97992314,0,7.686618751,Medium,61.93793142
15,Male,India,4.454527055,Snapchat,5,Education,21.40565167,0,8.304458245,Medium,15.62341061
16,Female,UK,5.078337508,TikTok,2,Entertainment,22.83889824,1,4.72105582,High,72.4443518
14,Female,Canada,2.893139358,YouTube,2,Education,9.426155328,0,6.326053681,Medium,56.42081245
13,Female,Brazil,3.854102458,Instagram,2,Socializing,34.16820916,1,6.501528915,Medium,52.355458
19,Male,India,3.487360976,YouTube,3,Education,20.1729211,1,5.857922188,Medium,43.5838485
20,Female,India,3.732805027,YouTube,4,Education,38.70200858,0,5.78699266,Medium,54.08356375
19,Male,Germany,5.955553795,TikTok,4,Education,32.6362116,1,6.847320767,High,51.20911421
26,Male,USA,4.302324726,YouTube,4,Entertainment,14.74015739,1,7.484768133,Medium,24.73591629
17,Male,UK,3.953778492,YouTube,5,News,31.54082392,0,5.730542013,Medium,35.55997854
24,Female,UK,5.216383442,Instagram,5,Socializing,13.60004832,0,5.982181797,High,25.40186821
13,Female,UK,6.210558954,YouTube,1,Content Creation,30.20952481,1,5.371392378,High,51.60382508
19,Female,Brazil,4.833159587,Snapchat,5,Entertainment,5,1,5.816767192,Medium,44.04302168
25,Male,India,3.712410716,Snapchat,3,News,15.14975347,0,7.999544479,Medium,31.44434852
19,Female,Canada,3.20354666,Instagram,1,Socializing,32.57129218,0,7.235170996,Medium,23.43443732
21,Male,India,1.730122968,Instagram,1,Entertainment,35.31950907,1,7.711326774,Low,25.04935936
15,Female,UK,4.235596405,Instagram,1,Entertainment,31.09235071,0,7.288424977,Medium,53.97139326
21,Female,India,5.909893198,Instagram,1,Content Creation,31.90407645,0,6.35871652,High,44.42490755
26,Female,Brazil,7.120811993,Twitter,1,Socializing,30.40905374,1,4.218254791,High,62.78812631
13,Female,Canada,2.628228901,TikTok,3,Entertainment,25.63856665,0,7.554279852,Medium,19.76806894
13,Other,Canada,2.731467572,Instagram,3,Socializing,34.65067367,0,7.699558532,Medium,24.4368651
26,Female,India,3.589573176,Snapchat,1,Entertainment,15.02224357,0,8.075384536,Medium,60.2630108
16,Female,India,1.775727488,YouTube,4,Entertainment,49.69359865,1,9.182155092,Low,32.90359957
21,Female,USA,4.603982957,TikTok,5,Socializing,28.88552673,1,5.354664819,Medium,12.88976282
18,Female,India,4.583348061,Snapchat,4,Entertainment,40.54770785,0,4.557482206,Medium,42.15298854
25,Female,USA,4.375345596,Instagram,2,Socializing,56.16891254,1,7.2459368,Medium,27.11284686
23,Male,USA,4.071528542,TikTok,4,Entertainment,25.41315221,1,6.995839633,Medium,30.74308074
15,Male,UK,3.254480704,TikTok,5,Entertainment,38.88280504,0,8.429770235,Medium,26.35000987
13,Female,UK,3.130994184,Instagram,2,Education,20.67537235,1,7.162905881,Medium,45.64320467
16,Male,India,3.014259298,YouTube,2,Education,15.31454752,1,6.795632549,Medium,60.67925507
24,Female,UK,4.147909966,TikTok,3,Entertainment,28.13849146,0,8.556642023,Medium,16.82207041
25,Male,India,4.691614914,Instagram,2,Entertainment,36.1131941,1,5.93908103,Medium,36.91364279
21,Male,USA,3.000731122,Instagram,5,Entertainment,38.65988237,1,6.891199994,Medium,44.48640358
15,Female,Germany,3.904815284,Instagram,4,Entertainment,24.23790495,0,7.590830479,Medium,33.53848342
24,Male,USA,4.21984728,YouTube,1,Socializing,19.90039443,1,6.049056372,Medium,24.25004647
21,Other,Canada,5.49715483,Instagram,1,Socializing,35.6662292,0,5.648955783,High,69.62096416
19,Female,India,3.711542058,Twitter,2,Education,11.65389212,0,6.558515484,Medium,86.83734271
24,Female,Australia,3.469814921,YouTube,1,Education,20.63364566,0,7.767240964,Medium,46.8529941
26,Female,India,3.032574314,TikTok,3,Education,20.81293128,1,5.355863676,Medium,62.80220548
27,Male,UK,3.939560989,TikTok,5,News,34.94905086,1,5.446061432,Medium,72.90760472
16,Male,Brazil,4.05668106,TikTok,4,Entertainment,26.1964293,0,6.568830942,Medium,67.3130887
15,Male,USA,1.482469571,TikTok,4,Socializing,20.08756373,1,7.9036871,Low,32.67422431
22,Male,UK,4.066749224,Snapchat,3,Entertainment,38.59233742,0,6.879258483,Medium,48.20636824
27,Female,Canada,4.065115146,TikTok,1,Socializing,33.02715914,1,7.061204722,Medium,80.9297043
17,Female,Canada,3.297454475,TikTok,4,News,30.75340793,1,8.331626535,Medium,33.16432305
17,Male,Canada,6.470200399,YouTube,2,Entertainment,39.85695668,0,5.747435214,High,15.33127735
15,Female,USA,3.242260992,Snapchat,1,Socializing,21.05366682,0,8.105894997,Medium,65.34732589
24,Male,Canada,4.672843016,Snapchat,2,Entertainment,33.69354196,1,5.338852077,Medium,35.53346235
21,Female,UK,1.860219489,Snapchat,3,Entertainment,15.319425,0,9.533426078,Low,25.42846046
16,Male,India,3.03134574,TikTok,4,Entertainment,21.57742257,1,8.277691617,Medium,39.33529783
23,Male,India,4.328972945,Instagram,3,News,5,0,7.30530039,Medium,28.88911828
17,Female,USA,2.336485137,Snapchat,4,Entertainment,21.69792057,0,7.774255178,Low,22.77922969
16,Male,Germany,1.708105331,Instagram,1,Education,9.73498056,1,8.638735735,Low,56.59262151
17,Male,Germany,3.071358583,YouTube,2,Education,42.89838109,0,6.700517567,Medium,43.05434693
19,Male,USA,3.023936789,Instagram,1,Education,22.89036291,1,6.674280404,Medium,42.82529433
21,Female,Brazil,3.372095958,Instagram,2,Socializing,5,1,7.568660367,Medium,57.961449
19,Male,Brazil,4.21067948,Instagram,2,Education,27.18375849,1,6.632054839,Medium,21.06173161
25,Female,India,3.291844114,TikTok,1,Entertainment,5.649854789,1,7.102037171,Medium,82.56002645
17,Female,India,2.29769004,Snapchat,1,Entertainment,27.81495195,1,6.539899821,Low,34.06953677
22,Male,Germany,5.161990242,YouTube,2,Content Creation,23.89169185,1,5.852048199,High,0
22,Other,Canada,5.849101735,TikTok,4,Entertainment,21.32302905,0,4.772664583,High,36.00357763
19,Male,Brazil,3.915123382,YouTube,5,Entertainment,28.05480184,1,6.599147863,Medium,26.00201082
26,Male,India,4.896304475,Instagram,5,Entertainment,23.78055783,0,5.956034148,Medium,47.80080809
27,Male,USA,4.684221994,Instagram,2,Education,31.73597007,0,5.692315056,Medium,33.74709474
22,Male,UK,3.994319313,Instagram,3,News,25.01059096,1,6.992700723,Medium,74.68369782
17,Female,India,2.822847204,Twitter,4,Entertainment,35.33381545,0,9.603887304,Medium,34.07962062
15,Male,India,3.738161464,TikTok,2,Entertainment,15.67600845,0,6.392363851,Medium,35.213257
19,Male,Canada,4.546207874,YouTube,1,Entertainment,41.60959575,0,8.196257271,Medium,5.649437705
25,Female,UK,4.27486405,YouTube,5,Education,28.72330661,0,8.266031298,Medium,44.11038964
23,Male,USA,0.868696005,Snapchat,1,Entertainment,22.02824289,0,9.929485917,Low,44.15308497
23,Female,India,2.809380541,TikTok,2,Socializing,5,1,7.876630837,Medium,58.29315458
14,Male,UK,4.685541619,Instagram,3,Entertainment,44.61598947,1,5.582746803,Medium,48.04640125
27,Male,India,2.791380947,Instagram,4,Entertainment,28.6751585,1,6.877653501,Medium,60.53886107
24,Female,USA,4.95274375,TikTok,2,News,21.57771442,1,5.341532367,Medium,29.33124039
21,Female,India,4.744751564,YouTube,1,Entertainment,17.14406012,1,6.445529394,Medium,0
22,Female,Canada,2.372866509,Instagram,1,Socializing,39.95289494,1,7.719579831,Low,25.95506665
22,Male,UK,5.287471858,Instagram,5,Entertainment,44.80780185,0,5.810833527,High,48.26646975
24,Male,Canada,4.703443143,Twitter,1,Socializing,32.22588764,1,6.747338448,Medium,72.1411221
13,Female,USA,6.57864836,Twitter,2,Education,7.738131277,1,6.247595833,High,36.42532759
25,Female,India,2.652860255,Instagram,2,Entertainment,22.56610287,1,7.107721071,Medium,35.21249486
18,Male,Germany,3.19394383,Instagram,3,Education,31.63266425,0,6.409974855,Medium,14.62030568
19,Male,USA,2.702545052,Snapchat,1,Content Creation,25.63580212,0,8.594658707,Medium,17.16227385
26,Female,UK,3.003937156,TikTok,4,Entertainment,33.45994653,0,6.260028498,Medium,19.04191758
25,Female,Germany,2.639697724,TikTok,3,Entertainment,31.85538921,0,7.462640415,Medium,0
20,Female,India,3.539831806,TikTok,2,Socializing,17.7423354,1,7.303014566,Medium,3.744819183
22,Female,Germany,3.715649262,YouTube,1,Socializing,30.49820677,0,7.921823239,Medium,49.52006638
21,Male,India,4.307794343,Instagram,3,Entertainment,26.07890046,1,6.857386953,Medium,42.20000856
14,Male,USA,3.757242758,Snapchat,2,News,5,1,6.825237431,Medium,11.82734246
23,Male,USA,6.7177786,TikTok,3,Education,22.88284306,0,6.506513814,High,93.35817267
22,Female,Germany,5.740883897,YouTube,3,Socializing,26.83854514,0,5.398847991,High,3.33089408
14,Male,India,2.504462142,TikTok,3,Education,16.38732047,1,7.915930752,Medium,28.65279023
17,Male,India,5.034993147,Instagram,5,Entertainment,37.44740031,1,5.628363214,High,31.83108875
25,Female,USA,5.238353637,Twitter,4,News,19.08868044,0,5.209549238,High,38.49121999
17,Female,India,5.54687654,Snapchat,2,Education,26.01712403,1,5.77879566,High,58.18179157
18,Male,India,2.117697294,YouTube,2,Entertainment,18.3740171,1,9.46227085,Low,53.20979315
15,Female,India,3.422034598,Instagram,5,Entertainment,29.31880273,0,7.842234557,Medium,20.88944265
20,Female,India,3.461898214,YouTube,3,Education,27.76029108,1,5.82529701,Medium,35.94788206
25,Male,UK,2.981363927,YouTube,5,Entertainment,36.71841877,0,6.907928739,Medium,27.1385971
13,Female,Brazil,5.734598016,YouTube,4,Entertainment,32.42218533,1,6.828421776,High,31.99475124
18,Female,Canada,4.537273611,Snapchat,5,Entertainment,24.59708974,1,7.023894613,Medium,13.99297801
16,Male,Canada,3.794088946,TikTok,2,Entertainment,20.86111914,1,7.494973116,Medium,68.65599692
13,Male,Canada,5.524903196,YouTube,4,Entertainment,20.05088746,1,6.044673589,High,22.03669808
27,Female,Canada,4.756038041,Instagram,2,Content Creation,21.93919373,1,6.718146556,Medium,23.79553196
19,Male,Brazil,2.878764916,YouTube,1,Socializing,26.89261472,1,7.298727964,Medium,36.14918046
21,Other,India,2.957345302,TikTok,5,Socializing,29.89831781,1,6.055986286,Medium,68.27515634
25,Male,India,4.169412455,Twitter,1,Entertainment,24.52850611,1,7.220605131,Medium,0
16,Male,USA,3.500005733,YouTube,3,Education,30.99509351,1,7.580916379,Medium,61.66562207
16,Male,USA,4.82992139,Instagram,1,Socializing,9.278663349,1,5.429499834,Medium,12.89182132
18,Male,UK,4.693301974,TikTok,3,Entertainment,28.23594853,1,5.993832698,Medium,54.1710817
24,Male,India,4.457135428,Twitter,3,News,23.45653164,1,8.410952948,Medium,24.17108669
27,Female,Brazil,3.126261962,TikTok,4,Socializing,14.31511673,1,7.179717515,Medium,66.71250189
15,Male,Brazil,0.5,Twitter,2,Entertainment,26.28958487,0,8.922629377,Low,63.7315644
25,Female,Brazil,1.812341721,Instagram,4,Entertainment,22.55331953,1,6.393644391,Low,21.35286222
24,Female,USA,3.733390118,Instagram,3,News,41.49245026,0,7.129888576,Medium,49.10248963
18,Male,India,2.744492631,TikTok,5,Entertainment,30.81656546,0,6.10025731,Medium,64.13392952
19,Female,India,6.343461229,TikTok,4,Entertainment,26.51653127,1,4.289883447,High,36.50443445
23,Female,UK,4.145075688,TikTok,5,Socializing,12.79801631,1,6.762376846,Medium,44.01727118
22,Male,USA,3.551685055,Instagram,4,Entertainment,32.00503822,1,9.185192028,Medium,40.20118052
22,Male,India,3.840087168,Instagram,2,Socializing,20.35773292,1,7.590516389,Medium,45.91437689
15,Female,Germany,5.028357375,Snapchat,2,Socializing,24.5179744,1,5.247755902,High,44.25652608
19,Male,India,4.056514914,YouTube,3,Education,27.67917011,1,6.542259157,Medium,37.88079797
26,Female,Australia,4.491755185,Instagram,2,Entertainment,38.54424578,1,6.086816608,Medium,28.0331736
15,Male,India,4.127639043,Snapchat,2,Entertainment,30.39183296,1,7.536752151,Medium,18.31090417
25,Female,UK,1.078312631,TikTok,5,Socializing,9.307109781,0,9.466351574,Low,36.71821876
25,Female,India,3.194569938,TikTok,2,Entertainment,9.993800838,0,8.596881444,Medium,13.1284992
14,Male,Australia,4.485614247,Instagram,5,Socializing,18.30206457,1,6.920962141,Medium,45.04396003
24,Male,India,4.306902645,Instagram,1,Entertainment,18.30395907,1,7.589662526,Medium,40.23221973
26,Female,USA,3.326458936,Twitter,2,Socializing,19.18528046,1,6.618308527,Medium,20.16974018
22,Male,India,2.476807216,YouTube,1,Education,24.98911453,0,6.799139438,Low,16.83219377
16,Male,Canada,6.432681601,YouTube,2,Entertainment,39.16489637,0,4.041649295,High,20.25254534
24,Female,India,1.820920205,TikTok,2,Entertainment,25.65388432,1,9.628994179,Low,37.21320325
20,Female,USA,3.692134613,TikTok,2,Socializing,12.60156458,0,7.054981319,Medium,13.42259857
25,Female,USA,2.128371641,Instagram,2,Socializing,22.74260103,1,9.333384529,Low,35.81743366
27,Male,Germany,3.338853453,YouTube,5,Entertainment,13.83635345,1,8.10049737,Medium,0
21,Male,Canada,4.328472064,Snapchat,3,Entertainment,28.5435462,1,6.651764859,Medium,55.44095405
19,Male,India,3.634236343,YouTube,2,Socializing,21.70969852,1,8.434579786,Medium,38.73543134
13,Female,UK,5.276442376,YouTube,2,Education,32.92346882,1,5.715954339,High,30.86243782
15,Female,UK,1.852001386,YouTube,2,Socializing,18.95311855,0,9.24217093,Low,41.7901669
25,Female,Brazil,3.469258577,TikTok,4,Education,38.66783797,1,8.44085908,Medium,13.47048741
24,Male,Canada,2.883848391,TikTok,1,Entertainment,5,1,7.2171434,Medium,42.80725863
26,Male,Australia,1.693051214,Instagram,2,Education,34.25312636,1,8.142065836,Low,14.5259282
21,Female,India,3.482797555,Twitter,4,Education,23.64812832,0,5.876337353,Medium,26.58101492
27,Male,India,4.306393639,Instagram,2,Socializing,14.9983824,1,8.72697738,Medium,31.12204716
24,Male,India,3.321471531,TikTok,1,Entertainment,28.05972239,1,6.809877778,Medium,27.53967613
13,Female,Germany,0.69362862,YouTube,3,Education,22.87377227,1,9.835618894,Low,54.73510579
21,Female,Germany,4.908349346,Snapchat,5,Entertainment,46.79524508,1,5.014456054,Medium,48.19976977
20,Male,UK,4.951360259,YouTube,2,Education,5,0,6.576503079,Medium,98.97229404
13,Male,Germany,4.615084286,Twitter,2,Socializing,10.88751135,1,6.585021155,Medium,17.14596713
18,Female,Brazil,2.310720849,Instagram,1,Socializing,25.8144432,0,8.236687074,Low,24.56483149
17,Female,India,2.730600246,YouTube,2,Entertainment,25.82201359,1,8.911476937,Medium,58.22963985
18,Male,India,4.929740617,YouTube,3,Education,17.26192944,0,8.607219295,Medium,7.93881909
22,Male,USA,1.62443558,Instagram,4,Socializing,27.47615126,1,7.296313129,Low,57.82349574
24,Female,Canada,0.691231698,Instagram,4,Socializing,22.77688538,0,10,Low,20.93967324
25,Other,India,1.306966921,TikTok,4,Education,43.15722113,1,8.673303938,Low,37.96460367
25,Female,Australia,6.717797595,Twitter,4,Socializing,10.74877149,1,4.750761283,High,14.49359358
25,Female,India,3.265140042,Twitter,3,Socializing,22.67520421,0,7.147536146,Medium,35.54819203
27,Male,USA,5.055452693,Instagram,4,Socializing,17.97287681,1,5.172586768,High,59.95761551
17,Female,USA,7.161742712,YouTube,2,Entertainment,48.67646516,1,4.22875878,High,37.72618006
18,Male,UK,4.72047684,Instagram,2,Education,32.54647851,0,6.021432078,Medium,23.39990607
17,Male,Brazil,5.747458778,Snapchat,1,News,33.32008852,1,4.783429217,High,16.56610684
23,Male,India,6.534897788,YouTube,1,Entertainment,36.67371722,0,5.717646994,High,0
24,Female,Canada,4.339034891,Twitter,4,Education,6.998071988,0,6.725307462,Medium,54.53163435
17,Male,India,3.200216351,Instagram,1,Socializing,31.19300469,1,7.228297963,Medium,64.53010301
16,Male,UK,0.5,Instagram,4,Entertainment,28.06262153,1,9.491175335,Low,49.72201616
15,Female,Canada,3.903086846,Instagram,3,Entertainment,35.01996626,0,6.121464314,Medium,70.24956987
15,Male,Germany,5.674472025,Twitter,4,Entertainment,23.4313325,0,6.348668358,High,55.60036902
16,Female,Germany,1.862472746,YouTube,4,Socializing,5,0,8.14094085,Low,34.84490077
21,Male,India,5.933971037,Snapchat,3,Entertainment,25.12660347,1,5.533051067,High,18.09960019
14,Male,UK,3.761955607,Instagram,4,Education,27.31471295,1,6.377580904,Medium,24.01387808
27,Female,USA,1.318993314,Instagram,4,Socializing,8.563947141,1,9.439324797,Low,63.38109815
21,Male,India,2.634916822,YouTube,2,Education,17.23336943,1,6.495673565,Medium,9.334513846
13,Male,India,3.052603316,TikTok,1,Entertainment,17.58572339,1,9.361749471,Medium,39.53113292
26,Male,Brazil,1.872690291,TikTok,5,Entertainment,25.33040852,1,8.93271848,Low,0
27,Female,USA,1.387670489,TikTok,3,Education,14.90284426,0,9.791357292,Low,29.56654493
27,Female,USA,5.851479013,TikTok,3,Entertainment,44.71894482,1,4.997953158,High,29.62728067
13,Male,India,3.368544831,Instagram,2,Socializing,36.47641914,1,4.217163155,Medium,93.92069112
17,Male,UK,5.633644656,TikTok,2,Entertainment,30.39798954,0,5.480946649,High,55.00948074
18,Female,Germany,4.476347247,YouTube,3,Entertainment,11.14243033,1,6.027377965,Medium,88.31384293
18,Male,USA,4.302729508,Twitter,5,Content Creation,16.75450324,1,6.186172637,Medium,43.50139156
15,Other,India,4.393590535,Twitter,3,Education,17.04700408,1,4.906574397,Medium,46.22427116
19,Female,Canada,3.748853671,Twitter,4,Socializing,31.46197826,0,5.292983134,Medium,22.50984422
21,Female,India,3.975653386,Instagram,3,Entertainment,21.45401382,0,7.959403804,Medium,48.18279858
23,Female,India,3.940130075,YouTube,4,Socializing,5,0,7.129717591,Medium,52.79040025
24,Female,Canada,2.705303912,Snapchat,4,Socializing,33.69116473,0,9.297518057,Medium,58.9202824
22,Male,India,4.137658378,YouTube,3,Education,32.17984646,1,5.31197122,Medium,27.3018983
20,Female,Germany,2.568671959,Snapchat,5,Education,28.22840351,0,8.020493256,Medium,4.712212712
18,Female,USA,1.779057877,TikTok,2,Entertainment,30.93510525,1,8.962986481,Low,32.82737002
24,Female,Germany,1.725974519,Snapchat,1,Socializing,28.05790399,1,9.607742949,Low,64.42805288
20,Female,USA,1.63291125,YouTube,4,Education,29.17204175,0,8.271004892,Low,62.64899469
24,Female,Brazil,3.289919474,YouTube,3,News,19.50736084,0,8.101015389,Medium,24.8012753
17,Female,India,3.861510714,TikTok,3,Socializing,24.35764588,0,5.851486034,Medium,0
20,Male,India,3.844397693,Instagram,2,Education,21.92930378,1,6.75572985,Medium,9.4531958
22,Other,UK,4.182826701,TikTok,2,Education,30.54386363,0,6.43223704,Medium,42.58434923
24,Female,UK,3.748352484,Instagram,5,News,31.67925408,1,7.618373817,Medium,88.70380437
16,Female,UK,0.5,TikTok,5,Entertainment,43.26952299,1,9.905573428,Low,14.94262993
22,Male,India,2.073450708,TikTok,3,Entertainment,26.69384974,0,7.980285021,Low,48.69722055
20,Male,UK,3.617830031,Instagram,1,Entertainment,22.85158409,0,7.718757441,Medium,43.00227649
22,Male,USA,2.684128299,Instagram,5,Socializing,20.58061109,1,7.4408671,Medium,16.34311912
24,Female,Australia,2.943421818,YouTube,4,Entertainment,20.88738696,1,7.203906342,Medium,61.64790759
14,Male,Germany,8.639557368,Instagram,2,Content Creation,21.99085226,0,2.99849146,High,18.22956102
24,Male,India,4.678030986,YouTube,3,News,32.91644048,1,6.222189646,Medium,49.37448383
24,Female,Canada,4.020554758,Snapchat,4,Entertainment,19.27741215,1,7.058946491,Medium,30.6185828
17,Male,India,3.916662641,Instagram,2,News,33.34228274,0,5.021503628,Medium,48.32139369
21,Female,USA,5.835123112,TikTok,1,Socializing,35.83879914,1,5.332197257,High,3.083590789
16,Female,Australia,1.021554627,Twitter,5,Entertainment,16.69925576,1,7.60098019,Low,20.43882545
23,Female,USA,1.972775954,YouTube,4,Entertainment,26.32301573,1,8.117572114,Low,70.94369141
18,Female,Canada,5.003921604,Snapchat,2,Entertainment,27.57748824,1,7.864678792,High,40.5712843
27,Female,India,4.41305385,TikTok,5,Socializing,23.16841265,1,7.028924368,Medium,4.548310848
13,Male,Germany,2.641964284,Instagram,3,Entertainment,14.11588181,1,8.370207086,Medium,14.98410821
21,Other,India,1.20357917,TikTok,2,Education,38.9666247,0,9.354455985,Low,37.11932633
13,Male,Australia,5.977884714,TikTok,5,Entertainment,24.85249558,1,4.76871654,High,49.94842986
17,Male,India,4.130926876,Instagram,3,Education,17.75958373,1,6.722847236,Medium,40.15952647
16,Male,India,3.145707227,YouTube,1,Entertainment,18.86689949,1,6.162274475,Medium,33.66547574
25,Female,India,4.724834197,Instagram,5,Content Creation,27.43195013,1,5.592731124,Medium,54.41825264
24,Female,Australia,1.548471214,Snapchat,2,Entertainment,24.88818512,0,8.383875056,Low,20.72781568
25,Female,Brazil,4.890152495,TikTok,5,Entertainment,20.76002158,0,4.173294639,Medium,0.255551338
25,Male,Brazil,3.349799713,TikTok,4,Socializing,20.1117687,1,6.854519475,Medium,52.35689361
26,Female,Germany,4.74604585,Instagram,1,Education,17.08265327,0,6.356011946,Medium,57.20294425
15,Female,USA,3.659581596,TikTok,1,Socializing,25.28495691,1,8.076641663,Medium,59.69630645
25,Male,India,4.757206254,Instagram,3,Socializing,29.27432651,1,5.447302834,Medium,74.16740545
18,Male,India,0.5,TikTok,2,Socializing,34.69998269,0,10,Low,41.63671071
14,Female,USA,2.830532298,TikTok,1,Socializing,11.51850981,1,6.718386716,Medium,33.71356911
15,Male,India,5.120889495,YouTube,2,Education,7.558626497,0,5.497860068,High,56.73959696
17,Other,Canada,4.331560011,Instagram,2,Content Creation,22.54915924,1,5.72197497,Medium,21.28209508
27,Female,UK,1.299197153,TikTok,2,Entertainment,34.95249171,1,7.808957847,Low,53.75046959
21,Male,India,3.957594173,TikTok,3,Education,21.51430448,0,6.933438594,Medium,68.53706857
14,Male,USA,1.145079863,TikTok,1,Entertainment,18.21877397,0,8.937952595,Low,14.82249095
22,Male,Germany,4.962909459,TikTok,2,Education,28.16794947,1,7.226602968,Medium,47.70323418
20,Male,Germany,5.05427787,TikTok,5,Socializing,35.45433451,1,7.00505853,High,41.18284651
26,Male,USA,2.015911172,Instagram,1,Socializing,28.44755609,1,8.189471516,Low,19.3231938
14,Male,Canada,3.508729834,TikTok,5,Entertainment,16.3291707,1,7.564033378,Medium,37.14901716
23,Male,Brazil,2.933535694,Instagram,4,Education,25.87671339,0,7.828848597,Medium,72.85081725
25,Female,India,4.444019951,Instagram,1,Education,33.67390728,0,5.572617558,Medium,70.99153238
17,Female,Canada,0.5,YouTube,3,Entertainment,26.30339213,0,9.408251517,Low,38.01190321
19,Male,Brazil,3.256754867,Instagram,1,Socializing,39.73299006,0,7.414147125,Medium,45.98638332
20,Female,Germany,3.453829672,Snapchat,3,News,27.32692898,1,6.289482048,Medium,38.83396472
13,Female,India,2.835575891,YouTube,2,Content Creation,33.70536426,1,6.450880848,Medium,17.80021401
18,Male,India,2.710296297,TikTok,4,Entertainment,10.96609368,0,7.903445169,Medium,46.50945611
13,Male,USA,5.183862932,Instagram,1,Content Creation,23.10045805,1,7.758159372,High,38.58186051
14,Male,Canada,3.464890373,TikTok,3,Socializing,21.33691574,0,5.919611924,Medium,47.59116964
27,Male,Germany,4.421347777,Instagram,5,Education,20.43755667,1,6.05711074,Medium,20.64749514
13,Male,USA,4.481030668,YouTube,2,News,29.81593809,0,7.054891035,Medium,23.39874375
23,Male,Australia,2.288882977,Instagram,1,Education,27.46398131,0,7.721479425,Low,17.73689807
17,Female,India,4.532727376,Snapchat,4,Entertainment,6.234117749,1,5.834544646,Medium,52.55435357
22,Male,India,6.110266842,Instagram,4,Socializing,11.48471991,1,3.993790355,High,0
27,Male,India,4.507137335,Instagram,5,News,24.12961895,0,7.703278946,Medium,28.29420945
21,Male,UK,6.061991318,YouTube,4,Socializing,12.82605598,0,4.010320519,High,39.97246002
18,Female,USA,3.984195745,Instagram,2,Socializing,16.34541554,1,6.402597927,Medium,45.73791086
23,Female,India,4.632450489,Instagram,3,Entertainment,28.10090047,0,5.741709588,Medium,27.83055523
23,Female,UK,4.162694372,TikTok,2,Entertainment,28.47929467,1,8.582524984,Medium,37.7706939
13,Male,UK,2.475547127,TikTok,4,Entertainment,21.14557837,0,8.237505634,Low,55.55022065
25,Male,USA,3.64445203,TikTok,2,Socializing,16.66721885,0,5.821318081,Medium,42.39404553
13,Male,India,2.772235343,Instagram,5,Education,32.07846167,1,9.185004409,Medium,15.84702238
14,Female,UK,4.795643797,Instagram,4,Socializing,25.59649225,1,6.416700546,Medium,71.878024
21,Male,Australia,5.96881598,Instagram,5,Education,32.81357892,0,5.385961552,High,72.55253357
15,Male,India,3.685103903,Snapchat,1,Content Creation,35.56235564,0,8.47901719,Medium,61.23819152
27,Other,USA,1.298386433,Instagram,2,Entertainment,22.60770162,0,9.210209304,Low,59.67008328
13,Female,India,3.249552336,TikTok,2,Entertainment,41.88234264,0,7.686004702,Medium,6.496975924
17,Male,Germany,4.700444388,Instagram,5,News,31.90100219,0,6.804313314,Medium,20.43530431
19,Male,USA,5.302962869,Instagram,4,Education,21.07762231,1,5.369655554,High,53.5429892
18,Male,Australia,5.454806225,Snapchat,1,Entertainment,20.51439693,1,5.584555939,High,39.54606819
24,Male,Canada,6.320168536,Snapchat,5,Entertainment,48.99148874,1,4.658418831,High,30.05664668
13,Male,USA,3.330905963,YouTube,2,Socializing,31.81702808,0,6.589878729,Medium,0.350162328
17,Male,India,3.917487563,YouTube,2,Socializing,18.1783157,1,4.592304827,Medium,75.30994651
27,Male,India,8.740484101,TikTok,3,News,10.52687333,1,2.510731166,High,34.34404609
17,Male,UK,3.684756282,Twitter,2,Socializing,20.84628903,1,5.363585828,Medium,30.46732428
18,Male,India,6.226442893,TikTok,2,Entertainment,25.18774839,0,5.087157026,High,53.13213023
15,Male,UK,4.767881729,Instagram,2,Entertainment,42.45354725,1,6.226657973,Medium,21.46771479
17,Female,USA,4.490062848,Instagram,2,Entertainment,27.04493065,0,6.329780226,Medium,19.20415345
19,Female,Brazil,3.711931164,TikTok,1,Education,16.49290236,1,6.772598407,Medium,50.23155634
17,Female,India,3.529186085,Twitter,2,Entertainment,40.12906084,1,8.071036661,Medium,0
17,Other,Canada,4.089782152,YouTube,2,Entertainment,18.86357915,1,6.567659677,Medium,49.04714965
17,Male,Germany,3.960843111,Snapchat,1,Entertainment,13.49624506,1,6.515610082,Medium,32.32531788
22,Female,USA,3.048664838,YouTube,5,Socializing,42.02464257,1,6.583861292,Medium,89.78591485
22,Male,Australia,1.670675261,YouTube,5,Entertainment,29.47462219,0,8.133782527,Low,15.05385889
15,Female,India,3.59188268,Instagram,3,Socializing,26.74874558,1,5.929567233,Medium,30.15494409
13,Female,Brazil,4.63197045,Instagram,4,Entertainment,19.68507028,0,6.482712237,Medium,37.30944684
17,Male,USA,2.43346378,YouTube,2,Socializing,27.71650519,1,8.221832605,Low,55.43666715
26,Male,Brazil,4.155575626,TikTok,5,Socializing,7.741025151,1,8.134081293,Medium,44.48862625
21,Male,USA,5.420375547,Snapchat,5,Education,17.34383647,1,4.514379957,High,91.43669942
